{"stats":{"minecraft:mined":{"luminousworld:savannah_soil":6,"minecraft:white_bed":1,"minecraft:glass_pane":10,"luminousworld:yellow_grassflowers":1,"ecologics:seashell":1,"luminousworld:grassvariant_4":1,"minecraft:kelp_plant":1,"minecraft:wheat":2,"minecraft:pumpkin":1,"minecraft:yellow_bed":2,"luminousworld:savannah_grass_1":1,"minecraft:grass":12,"minecraft:grass_block":10,"minecraft:melon":1,"minecraft:sand":54,"luminousworld:grassvariant_2":2,"luminousworld:grassvariant_3":3,"minecraft:tall_grass":1,"luminousworld:groundpebbles_2":1,"minecraft:spruce_leaves":4,"minecraft:kelp":3,"minecraft:sugar_cane":2,"minecraft:cake":1,"minecraft:oak_leaves":14,"luminousworld:savannah_ground":11},"minecraft:killed_by":{"born_in_chaos_v1:corpse_fly":1,"iceandfire:sea_serpent":2},"minecraft:dropped":{"tombstone:grave_key":6},"minecraft:used":{"minecraft:water_bucket":1,"minecraft:apple":1,"minecraft:melon_slice":7,"luminousworld:savannah_ground":11,"minecraft:rotten_flesh":1,"minecraft:item_frame":2,"ecologics:coconut_slice":6,"minecraft:sand":8,"luminousworld:savannah_soil":2,"minecraft:gray_bed":1,"minecraft:yellow_bed":1,"minecraft:bucket":2,"alexsmobs:animal_dictionary":1},"minecraft:custom":{"minecraft:time_since_rest":784,"minecraft:sprint_one_cm":21171,"minecraft:damage_taken":1450,"minecraft:walk_one_cm":292608,"minecraft:mob_kills":1,"minecraft:drop":6,"minecraft:damage_dealt":226,"minecraft:interact_with_crafting_table":1,"minecraft:fly_one_cm":7779,"minecraft:open_chest":2,"minecraft:play_time":44109,"minecraft:deaths":4,"minecraft:sneak_time":12,"minecraft:walk_under_water_one_cm":13581,"minecraft:jump":372,"minecraft:walk_on_water_one_cm":19924,"minecraft:leave_game":2,"minecraft:time_since_death":897,"minecraft:sleep_in_bed":5,"minecraft:total_world_time":44109,"minecraft:fall_one_cm":7257},"minecraft:picked_up":{"minecraft:book":1,"born_in_chaos_v1:staffof_magic_arrows":1,"luminousworld:groundpebbles_1":1,"minecraft:stick":2,"luminousworld:savannah_ground":11,"minecraft:wheat":4,"born_in_chaos_v1:river_mint":3,"ecologics:coconut_slice":6,"minecraft:pumpkin":1,"minecraft:salmon":1,"minecraft:dandelion":1,"ecologics:seashell":1,"luminousworld:savannah_soil":6,"minecraft:sand":54,"tombstone:grave_key":6,"minecraft:spruce_sapling":1,"minecraft:white_bed":1,"minecraft:yellow_bed":2,"minecraft:dirt":10,"luminousworld:grassflowers":2,"minecraft:item_frame":3,"minecraft:arrow":3,"minecraft:bone":3,"minecraft:rotten_flesh":1,"minecraft:apple":1,"luminousworld:yellow_grassflowers":1,"minecraft:kelp":2,"minecraft:wheat_seeds":8,"minecraft:poppy":2,"minecraft:sugar_cane":2,"supplementaries:ash":2,"minecraft:oak_sapling":1,"minecraft:melon_slice":7,"minecraft:gray_bed":1}},"DataVersion":3465}