{"stats":{"minecraft:dropped":{"minecraft:glow_ink_sac":2,"minecraft:light_gray_wool":1,"minecraft:brown_wool":1},"minecraft:killed_by":{"born_in_chaos_v1:corpse_fly":2,"born_in_chaos_v1:siamese_skeletonsleft":1,"earthmobsmod:horned_sheep":1,"enemyexpansion:invisicreeper":1},"minecraft:killed":{"born_in_chaos_v1:baby_skeleton":2,"born_in_chaos_v1:decrepit_skeleton":1,"born_in_chaos_v1:maggot":2,"minecraft:sheep":4,"minecraft:zombie":1,"earthmobsmod:horned_sheep":2,"earthmobsmod:albino_cow":1},"minecraft:custom":{"minecraft:interact_with_furnace":9,"minecraft:mob_kills":17,"minecraft:interact_with_crafting_table":8,"minecraft:open_barrel":1,"minecraft:time_since_death":5445,"minecraft:sleep_in_bed":1,"minecraft:climb_one_cm":2543,"minecraft:time_since_rest":4437,"minecraft:sprint_one_cm":186034,"minecraft:damage_taken":1377,"minecraft:walk_one_cm":265178,"minecraft:drop":3,"minecraft:damage_dealt":1642,"minecraft:fly_one_cm":156955,"minecraft:open_chest":10,"minecraft:crouch_one_cm":226,"minecraft:play_time":65416,"tombstone:undead_killed":4,"minecraft:deaths":5,"minecraft:sneak_time":184,"minecraft:jump":1220,"minecraft:walk_on_water_one_cm":9341,"minecraft:total_world_time":65416,"minecraft:fall_one_cm":23664},"minecraft:crafted":{"minecraft:spruce_planks":92,"minecraft:wooden_pickaxe":1,"minecraft:furnace":1,"minecraft:stone_axe":1,"minecraft:cooked_mutton":2,"luminousworld:white_oak_plank":12,"minecraft:stick":28,"minecraft:stone_pickaxe":1,"minecraft:stone_sword":1,"minecraft:white_bed":1,"minecraft:torch":24},"minecraft:mined":{"minecraft:white_bed":1,"minecraft:powder_snow":1,"minecraft:cornflower":3,"minecraft:grass_block":1,"luminousworld:grassvariant_2":5,"luminousworld:grassflowers":1,"minecraft:tall_grass":2,"minecraft:spruce_leaves":1,"luminousworld:whiteoaklog":2,"minecraft:furnace":1,"minecraft:spruce_log":27,"minecraft:red_wall_banner":1,"minecraft:azure_bluet":2,"minecraft:grass":20,"minecraft:coal_ore":14,"minecraft:vine":1,"minecraft:dirt":7,"luminousworld:grassvariant_3":4,"minecraft:stone":22,"minecraft:oak_leaves":3},"minecraft:used":{"minecraft:cooked_mutton":1,"minecraft:stone_sword":97,"minecraft:stone_pickaxe":15,"minecraft:wooden_pickaxe":22,"minecraft:rotten_flesh":3,"minecraft:torch":3,"minecraft:dirt":11,"minecraft:mutton":5,"minecraft:white_bed":1,"minecraft:cornflower":1,"minecraft:stone_axe":1,"minecraft:beef":3,"minecraft:furnace":1,"tombstone:gift":1,"alexsmobs:animal_dictionary":1},"minecraft:picked_up":{"born_in_chaos_v1:corpse_maggot":1,"minecraft:azure_bluet":2,"minecraft:glow_ink_sac":2,"minecraft:brown_wool":1,"minecraft:gunpowder":1,"minecraft:cornflower":1,"minecraft:dirt":8,"minecraft:bone":1,"minecraft:wheat_seeds":1,"minecraft:tnt_minecart":1,"minecraft:beef":3,"minecraft:light_gray_wool":2,"luminousworld:white_petunias":1,"minecraft:furnace":1,"minecraft:red_banner":2,"minecraft:white_bed":1,"minecraft:spruce_log":23,"minecraft:mossy_cobblestone":2,"luminousworld:whiteoaklog":3,"minecraft:rotten_flesh":4,"minecraft:gray_wool":1,"minecraft:mutton":7,"minecraft:coal":13,"minecraft:white_wool":4,"minecraft:cobblestone":22}},"DataVersion":3465}