{"stats":{"minecraft:killed":{"earthmobsmod:horned_sheep":1,"earthmobsmod:albino_cow":1,"born_in_chaos_v1:decrepit_skeleton":1},"minecraft:killed_by":{"born_in_chaos_v1:corpse_fly":1,"born_in_chaos_v1:siamese_skeletonsleft":1},"minecraft:custom":{"minecraft:time_since_rest":12046,"minecraft:sprint_one_cm":74076,"minecraft:damage_taken":602,"minecraft:walk_one_cm":117646,"minecraft:mob_kills":4,"minecraft:damage_dealt":752,"minecraft:interact_with_crafting_table":2,"minecraft:fly_one_cm":69012,"minecraft:crouch_one_cm":118,"minecraft:play_time":29416,"tombstone:undead_killed":1,"minecraft:deaths":2,"minecraft:sneak_time":46,"minecraft:jump":546,"minecraft:walk_on_water_one_cm":2573,"minecraft:time_since_death":13208,"minecraft:total_world_time":29416,"minecraft:fall_one_cm":10697},"minecraft:crafted":{"minecraft:spruce_planks":92,"minecraft:stick":28,"minecraft:wooden_pickaxe":1,"minecraft:stone_pickaxe":1,"minecraft:stone_sword":1,"minecraft:stone_axe":1},"minecraft:used":{"minecraft:cornflower":1,"minecraft:stone_sword":21,"minecraft:wooden_pickaxe":22,"minecraft:rotten_flesh":1,"tombstone:gift":1,"alexsmobs:animal_dictionary":1},"minecraft:mined":{"luminousworld:whiteoaklog":2,"minecraft:spruce_log":27,"minecraft:powder_snow":1,"minecraft:azure_bluet":2,"minecraft:cornflower":3,"minecraft:grass":13,"minecraft:grass_block":1,"minecraft:coal_ore":3,"luminousworld:grassvariant_2":4,"luminousworld:grassvariant_3":1,"luminousworld:grassflowers":1,"minecraft:spruce_leaves":1,"minecraft:stone":19},"minecraft:picked_up":{"minecraft:azure_bluet":1,"minecraft:spruce_log":23,"minecraft:cornflower":1,"minecraft:dirt":1,"luminousworld:whiteoaklog":3,"minecraft:rotten_flesh":3,"minecraft:wheat_seeds":1,"minecraft:beef":3,"minecraft:coal":3,"minecraft:cobblestone":19}},"DataVersion":3465}