{"stats":{"minecraft:killed":{"born_in_chaos_v1:maggot":2,"minecraft:chicken":2,"earthmobsmod:albino_cow":1,"born_in_chaos_v1:baby_skeleton":2,"born_in_chaos_v1:decrepit_skeleton":1,"minecraft:sheep":11,"minecraft:zombie":2,"born_in_chaos_v1:corpse_fly":1,"alexsmobs:fly":5,"earthmobsmod:horned_sheep":2},"minecraft:mined":{"minecraft:spruce_planks":37,"minecraft:white_bed":12,"quark:yellow_blossom_leaves":25,"luminousworld:grassvariant_4":1,"minecraft:grass_block":13,"luminousworld:grassvariant_2":5,"minecraft:spruce_leaves":1,"luminousworld:savanna_grass_2":3,"minecraft:furnace":5,"minecraft:iron_ore":7,"minecraft:azure_bluet":2,"minecraft:vine":3,"minecraft:stone":26,"luminousworld:savannah_soil":1,"luminousworld:tall_deadbush":2,"minecraft:powder_snow":1,"minecraft:crafting_table":1,"minecraft:cornflower":3,"luminousworld:savannah_grass_1":3,"luminousworld:grassflowers":1,"minecraft:tall_grass":4,"minecraft:skeleton_skull":2,"luminousworld:whiteoaklog":16,"minecraft:spruce_log":27,"minecraft:red_wall_banner":1,"minecraft:grass":32,"minecraft:coal_ore":16,"minecraft:acacia_fence":1,"minecraft:dirt":13,"luminousworld:grassvariant_3":8,"minecraft:cobweb":1,"minecraft:oak_leaves":12},"minecraft:killed_by":{"born_in_chaos_v1:corpse_fly":2,"born_in_chaos_v1:siamese_skeletonsleft":1,"undead_revamp2:clogger":1,"minecraft:vindicator":1,"iceandfire:gorgon":2,"iceandfire:ghost":1,"earthmobsmod:horned_sheep":1,"iceandfire:fire_dragon":3,"enemyexpansion:invisicreeper":1},"minecraft:crafted":{"minecraft:cooked_chicken":1,"minecraft:furnace":1,"minecraft:cooked_mutton":15,"luminousworld:white_oak_plank":12,"minecraft:stone_pickaxe":2,"minecraft:crafting_table":1,"minecraft:spruce_planks":92,"minecraft:wooden_pickaxe":1,"minecraft:stone_axe":1,"minecraft:stick":28,"minecraft:stone_sword":2,"minecraft:white_bed":2,"minecraft:torch":24},"minecraft:dropped":{"minecraft:glow_ink_sac":2,"minecraft:feather":1,"minecraft:cornflower":2,"minecraft:brown_wool":1,"minecraft:paper":4,"minecraft:string":1,"minecraft:rotten_flesh":3,"minecraft:light_gray_wool":1,"luminousworld:tall_deadbush":1,"minecraft:white_bed":1,"artifacts:everlasting_beef":1,"minecraft:rabbit_foot":2,"minecraft:rabbit_hide":4,"supplementaries:ash":1,"luminousworld:groundpebbles_1":1,"luminousworld:blue_petunias":1},"minecraft:used":{"minecraft:stone_sword":263,"minecraft:spruce_planks":37,"minecraft:cooked_chicken":1,"minecraft:rotten_flesh":4,"minecraft:torch":15,"minecraft:dirt":31,"minecraft:mutton":5,"born_in_chaos_v1:corpse_maggot":2,"alexsmobs:maggot":1,"minecraft:stone_bricks":7,"artifacts:everlasting_beef":6,"minecraft:beef":3,"minecraft:furnace":5,"minecraft:oak_sapling":1,"tombstone:gift":1,"minecraft:egg":1,"minecraft:cooked_beef":1,"quark:blossom_log":2,"minecraft:cooked_mutton":15,"minecraft:stone_pickaxe":34,"minecraft:wooden_pickaxe":22,"minecraft:golden_apple":1,"minecraft:crafting_table":2,"minecraft:white_bed":13,"minecraft:cornflower":1,"minecraft:bread":1,"minecraft:stone_axe":65,"ecologics:coconut_slice":3,"minecraft:cobblestone":4,"minecraft:cooked_porkchop":1,"alexsmobs:animal_dictionary":1},"minecraft:custom":{"minecraft:interact_with_smithing_table":1,"minecraft:mob_kills":37,"minecraft:interact_with_crafting_table":11,"minecraft:open_barrel":1,"minecraft:leave_game":10,"minecraft:time_since_death":13789,"minecraft:climb_one_cm":22209,"minecraft:sprint_one_cm":802186,"minecraft:walk_one_cm":957580,"minecraft:drop":20,"minecraft:talked_to_villager":1,"minecraft:play_time":235942,"minecraft:deaths":14,"minecraft:sneak_time":267,"minecraft:walk_under_water_one_cm":22964,"minecraft:jump":5426,"minecraft:walk_on_water_one_cm":94463,"minecraft:total_world_time":235942,"minecraft:interact_with_furnace":22,"minecraft:sleep_in_bed":14,"minecraft:time_since_rest":9892,"minecraft:damage_taken":2147483647,"minecraft:damage_absorbed":40,"minecraft:trigger_trapped_chest":2,"minecraft:damage_dealt":3683,"minecraft:swim_one_cm":34541,"minecraft:fly_one_cm":963191,"minecraft:open_chest":41,"minecraft:crouch_one_cm":279,"tombstone:undead_killed":5,"minecraft:fall_one_cm":111674},"minecraft:broken":{"minecraft:stone_sword":1,"minecraft:golden_chestplate":1},"minecraft:picked_up":{"luminousworld:groundpebbles_1":1,"born_in_chaos_v1:diamond_termite_shard":1,"minecraft:crafting_table":1,"minecraft:azure_bluet":2,"minecraft:chicken":2,"enemyexpansion:wasp_thorax":1,"minecraft:enchanted_book":1,"minecraft:cornflower":3,"minecraft:string":1,"minecraft:armor_stand":2,"minecraft:experience_bottle":2,"minecraft:tnt_minecart":1,"minecraft:spruce_planks":36,"minecraft:beef":3,"minecraft:light_gray_wool":2,"minecraft:egg":1,"minecraft:furnace":5,"minecraft:raw_iron":7,"luminousworld:blue_petunias":1,"ecologics:coconut_slice":10,"quark:blossom_log":2,"minecraft:golden_chestplate":1,"minecraft:rabbit_foot":2,"artifacts:everlasting_beef":1,"minecraft:rotten_flesh":7,"minecraft:gold_ingot":3,"supplementaries:ash":1,"luminousworld:tall_deadbush":1,"minecraft:mutton":20,"minecraft:skeleton_skull":1,"minecraft:white_wool":9,"minecraft:cobblestone":27,"born_in_chaos_v1:corpse_maggot":3,"minecraft:cooked_beef":1,"minecraft:feather":1,"minecraft:glow_ink_sac":2,"minecraft:brown_wool":1,"minecraft:gunpowder":1,"minecraft:dirt":26,"minecraft:bone":1,"minecraft:stone_bricks":10,"minecraft:wheat_seeds":15,"minecraft:rabbit_hide":4,"minecraft:iron_ingot":1,"luminousworld:white_petunias":1,"minecraft:cooked_porkchop":1,"minecraft:red_banner":2,"minecraft:white_bed":12,"minecraft:spruce_log":23,"minecraft:mossy_cobblestone":2,"luminousworld:whiteoaklog":15,"minecraft:gray_wool":1,"minecraft:emerald":1,"alexsmobs:maggot":2,"minecraft:oak_sapling":2,"minecraft:black_wool":2,"minecraft:coal":88}},"DataVersion":3465}