{"stats":{"minecraft:killed_by":{"born_in_chaos_v1:corpse_fly":2,"born_in_chaos_v1:siamese_skeletonsleft":1,"earthmobsmod:horned_sheep":1},"minecraft:killed":{"minecraft:sheep":4,"minecraft:zombie":1,"earthmobsmod:horned_sheep":2,"earthmobsmod:albino_cow":1,"born_in_chaos_v1:decrepit_skeleton":1},"minecraft:custom":{"minecraft:time_since_rest":1265,"minecraft:interact_with_furnace":6,"minecraft:sprint_one_cm":162669,"minecraft:damage_taken":1087,"minecraft:walk_one_cm":220513,"minecraft:mob_kills":10,"minecraft:damage_dealt":1359,"minecraft:interact_with_crafting_table":7,"minecraft:fly_one_cm":147104,"minecraft:crouch_one_cm":118,"minecraft:play_time":53416,"tombstone:undead_killed":2,"minecraft:deaths":4,"minecraft:sneak_time":83,"minecraft:jump":1117,"minecraft:walk_on_water_one_cm":2573,"minecraft:time_since_death":16106,"minecraft:sleep_in_bed":1,"minecraft:total_world_time":53416,"minecraft:fall_one_cm":21463},"minecraft:crafted":{"luminousworld:white_oak_plank":12,"minecraft:spruce_planks":92,"minecraft:stick":28,"minecraft:wooden_pickaxe":1,"minecraft:stone_pickaxe":1,"minecraft:stone_sword":1,"minecraft:furnace":1,"minecraft:white_bed":1,"minecraft:torch":24,"minecraft:stone_axe":1,"minecraft:cooked_mutton":2},"minecraft:used":{"minecraft:cooked_mutton":1,"minecraft:cornflower":1,"minecraft:stone_sword":73,"minecraft:stone_pickaxe":15,"minecraft:wooden_pickaxe":22,"minecraft:rotten_flesh":3,"minecraft:stone_axe":1,"minecraft:mutton":5,"minecraft:beef":3,"minecraft:furnace":1,"minecraft:white_bed":1,"tombstone:gift":1,"alexsmobs:animal_dictionary":1},"minecraft:mined":{"luminousworld:whiteoaklog":2,"minecraft:white_bed":1,"minecraft:furnace":1,"minecraft:spruce_log":27,"minecraft:powder_snow":1,"minecraft:azure_bluet":2,"minecraft:cornflower":3,"minecraft:grass":20,"minecraft:grass_block":1,"minecraft:coal_ore":14,"minecraft:dirt":2,"luminousworld:grassvariant_2":5,"luminousworld:grassvariant_3":4,"luminousworld:grassflowers":1,"minecraft:tall_grass":2,"minecraft:spruce_leaves":1,"minecraft:stone":22,"minecraft:oak_leaves":3},"minecraft:picked_up":{"minecraft:azure_bluet":1,"minecraft:brown_wool":1,"minecraft:white_bed":1,"minecraft:spruce_log":23,"minecraft:cornflower":1,"minecraft:dirt":3,"luminousworld:whiteoaklog":3,"minecraft:rotten_flesh":3,"minecraft:wheat_seeds":1,"minecraft:beef":3,"minecraft:gray_wool":1,"minecraft:light_gray_wool":1,"minecraft:mutton":7,"minecraft:coal":13,"minecraft:white_wool":4,"minecraft:cobblestone":21,"minecraft:furnace":1}},"DataVersion":3465}