{"stats":{"minecraft:mined":{"luminousworld:savannah_soil":1,"minecraft:spruce_planks":37,"minecraft:white_bed":3,"quark:yellow_blossom_leaves":25,"luminousworld:tall_deadbush":2,"minecraft:powder_snow":1,"minecraft:cornflower":3,"luminousworld:savannah_grass_1":1,"minecraft:grass_block":11,"luminousworld:grassvariant_2":5,"luminousworld:grassflowers":1,"minecraft:tall_grass":2,"minecraft:spruce_leaves":1,"luminousworld:savanna_grass_2":2,"luminousworld:whiteoaklog":2,"minecraft:furnace":2,"minecraft:spruce_log":27,"minecraft:azure_bluet":2,"minecraft:red_wall_banner":1,"minecraft:grass":25,"minecraft:coal_ore":14,"minecraft:vine":3,"minecraft:dirt":12,"luminousworld:grassvariant_3":6,"minecraft:cobweb":1,"minecraft:stone":22,"minecraft:oak_leaves":3},"minecraft:crafted":{"minecraft:spruce_planks":92,"minecraft:wooden_pickaxe":1,"minecraft:furnace":1,"minecraft:stone_axe":1,"minecraft:cooked_mutton":2,"luminousworld:white_oak_plank":12,"minecraft:stick":28,"minecraft:stone_pickaxe":1,"minecraft:stone_sword":1,"minecraft:white_bed":1,"minecraft:torch":24},"minecraft:picked_up":{"luminousworld:groundpebbles_1":1,"born_in_chaos_v1:corpse_maggot":1,"born_in_chaos_v1:diamond_termite_shard":1,"minecraft:azure_bluet":2,"minecraft:glow_ink_sac":2,"minecraft:brown_wool":1,"minecraft:gunpowder":1,"minecraft:cornflower":3,"minecraft:dirt":23,"minecraft:string":1,"minecraft:bone":1,"minecraft:stone_bricks":10,"minecraft:wheat_seeds":2,"minecraft:tnt_minecart":1,"minecraft:spruce_planks":36,"minecraft:beef":3,"minecraft:light_gray_wool":2,"luminousworld:white_petunias":1,"minecraft:furnace":2,"luminousworld:blue_petunias":1,"quark:blossom_log":2,"minecraft:red_banner":2,"minecraft:white_bed":3,"minecraft:spruce_log":23,"minecraft:mossy_cobblestone":2,"minecraft:rabbit_foot":2,"luminousworld:whiteoaklog":3,"minecraft:rotten_flesh":4,"minecraft:gray_wool":1,"luminousworld:tall_deadbush":1,"minecraft:mutton":7,"minecraft:coal":15,"minecraft:white_wool":4,"minecraft:cobblestone":22},"minecraft:killed":{"born_in_chaos_v1:baby_skeleton":2,"born_in_chaos_v1:decrepit_skeleton":1,"born_in_chaos_v1:maggot":2,"minecraft:sheep":4,"minecraft:zombie":1,"earthmobsmod:horned_sheep":2,"earthmobsmod:albino_cow":1},"minecraft:dropped":{"minecraft:glow_ink_sac":2,"minecraft:light_gray_wool":1,"minecraft:rabbit_foot":2,"minecraft:brown_wool":1},"minecraft:killed_by":{"minecraft:vindicator":1,"born_in_chaos_v1:corpse_fly":2,"iceandfire:ghost":1,"born_in_chaos_v1:siamese_skeletonsleft":1,"earthmobsmod:horned_sheep":1,"iceandfire:fire_dragon":2,"enemyexpansion:invisicreeper":1},"minecraft:used":{"quark:blossom_log":2,"minecraft:cooked_mutton":2,"minecraft:stone_sword":107,"minecraft:stone_pickaxe":16,"minecraft:spruce_planks":37,"minecraft:wooden_pickaxe":22,"minecraft:rotten_flesh":4,"minecraft:torch":13,"minecraft:golden_apple":1,"minecraft:dirt":31,"minecraft:mutton":5,"minecraft:white_bed":3,"minecraft:cornflower":1,"minecraft:bread":1,"minecraft:stone_bricks":7,"minecraft:stone_axe":40,"minecraft:beef":3,"minecraft:furnace":2,"tombstone:gift":1,"alexsmobs:animal_dictionary":1},"minecraft:custom":{"minecraft:interact_with_furnace":12,"minecraft:mob_kills":17,"minecraft:interact_with_crafting_table":8,"minecraft:open_barrel":1,"minecraft:leave_game":1,"minecraft:time_since_death":7825,"minecraft:sleep_in_bed":3,"minecraft:climb_one_cm":15286,"minecraft:time_since_rest":2665,"minecraft:sprint_one_cm":358935,"minecraft:damage_absorbed":40,"minecraft:damage_taken":2487,"minecraft:walk_one_cm":457683,"minecraft:drop":5,"minecraft:damage_dealt":1653,"minecraft:swim_one_cm":8194,"minecraft:fly_one_cm":370017,"minecraft:open_chest":11,"minecraft:crouch_one_cm":226,"minecraft:play_time":112086,"tombstone:undead_killed":4,"minecraft:deaths":9,"minecraft:sneak_time":191,"minecraft:walk_under_water_one_cm":7099,"minecraft:jump":2293,"minecraft:walk_on_water_one_cm":25479,"minecraft:total_world_time":112086,"minecraft:fall_one_cm":47523}},"DataVersion":3465}