{"stats":{"minecraft:killed":{"born_in_chaos_v1:decrepit_skeleton":1},"minecraft:killed_by":{"born_in_chaos_v1:corpse_fly":1,"born_in_chaos_v1:siamese_skeletonsleft":1},"minecraft:custom":{"minecraft:time_since_rest":46,"minecraft:crouch_one_cm":5,"tombstone:undead_killed":1,"minecraft:play_time":17416,"minecraft:sprint_one_cm":44195,"minecraft:walk_one_cm":81687,"minecraft:damage_taken":462,"minecraft:deaths":2,"minecraft:sneak_time":35,"minecraft:mob_kills":2,"minecraft:jump":367,"minecraft:damage_dealt":491,"minecraft:time_since_death":1208,"minecraft:walk_on_water_one_cm":2573,"minecraft:total_world_time":17416,"minecraft:fly_one_cm":30857,"minecraft:fall_one_cm":7256},"minecraft:mined":{"luminousworld:whiteoaklog":2,"minecraft:grass":6,"minecraft:grass_block":1,"luminousworld:grassflowers":1,"luminousworld:grassvariant_2":3,"luminousworld:grassvariant_3":1,"minecraft:powder_snow":1,"minecraft:cornflower":3,"minecraft:azure_bluet":1},"minecraft:used":{"minecraft:rotten_flesh":1,"minecraft:cornflower":1,"alexsmobs:animal_dictionary":1},"minecraft:picked_up":{"luminousworld:whiteoaklog":3,"minecraft:rotten_flesh":3,"minecraft:wheat_seeds":1,"minecraft:cornflower":1,"minecraft:dirt":1}},"DataVersion":3465}