{"stats":{"minecraft:dropped":{"minecraft:wheat_seeds":1,"minecraft:golden_pickaxe":2,"minecraft:feather":3,"minecraft:cornflower":4,"minecraft:string":2,"minecraft:white_wool":2,"alexsmobs:animal_dictionary":1,"minecraft:pointed_dripstone":2,"luminousworld:yellow_grassflowers":1,"luminousworld:grassflowers":1,"born_in_chaos_v1:diamond_termite_shard":1,"minecraft:wooden_pickaxe":1},"minecraft:broken":{"minecraft:stone_sword":1},"minecraft:killed_by":{"born_in_chaos_v1:corpse_fly":2,"born_in_chaos_v1:decrepit_skeleton":1,"earthmobsmod:horned_sheep":1,"iceandfire:fire_dragon":1},"minecraft:killed":{"earthmobsmod:duck":3,"earthmobsmod:jumbo_rabbit":2,"undead_revamp2:axestrom":1,"enemyexpansion:direwolf":1,"naturalist:snail":1,"minecraft:skeleton":1,"ecologics:coconut_crab":1,"earthmobsmod:albino_cow":2,"minecraft:pig":4,"born_in_chaos_v1:diamond_termite":3,"naturalist:snake":1,"undead_revamp2:the_moonflower":1,"enemyexpansion:meature":1,"born_in_chaos_v1:corpse_fly":3,"enemyexpansion:botfly":4,"earthmobsmod:horned_sheep":4},"minecraft:custom":{"minecraft:mob_kills":33,"minecraft:interact_with_crafting_table":21,"minecraft:open_barrel":9,"minecraft:leave_game":1,"minecraft:time_since_death":11537,"minecraft:climb_one_cm":13485,"minecraft:sprint_one_cm":278698,"minecraft:walk_one_cm":249115,"minecraft:drop":16,"minecraft:play_time":109616,"minecraft:deaths":5,"minecraft:sneak_time":666,"minecraft:walk_under_water_one_cm":4767,"minecraft:jump":2364,"minecraft:walk_on_water_one_cm":9822,"minecraft:total_world_time":109616,"minecraft:interact_with_furnace":32,"minecraft:sleep_in_bed":6,"minecraft:time_since_rest":147,"minecraft:damage_taken":1922,"minecraft:damage_dealt":3965,"minecraft:swim_one_cm":469,"minecraft:fly_one_cm":478516,"minecraft:open_chest":15,"minecraft:crouch_one_cm":1803,"tombstone:undead_killed":3,"minecraft:fall_one_cm":47780},"minecraft:crafted":{"minecraft:oak_planks":72,"minecraft:cooked_chicken":3,"minecraft:furnace":1,"luminousworld:white_oak_plank":20,"minecraft:stone_pickaxe":1,"minecraft:cooked_rabbit":2,"minecraft:cooked_beef":5,"minecraft:cooked_porkchop":5,"minecraft:crafting_table":4,"minecraft:wooden_pickaxe":1,"minecraft:stone_axe":1,"minecraft:air":0,"minecraft:diamond_pickaxe":1,"minecraft:stick":48,"quark:oak_chest":1,"minecraft:iron_ingot":8,"minecraft:stone_sword":1,"minecraft:iron_leggings":1,"minecraft:white_bed":1,"minecraft:torch":96},"minecraft:mined":{"minecraft:white_bed":2,"iceandfire:silver_ore":2,"quark:yellow_blossom_leaves":8,"luminousworld:grassvariant_4":1,"minecraft:grass_block":23,"born_in_chaos_v1:black_argillite":1,"iceandfire:deepslate_silver_ore":2,"luminousworld:grassvariant_2":25,"minecraft:redstone_ore":3,"minecraft:furnace":3,"luminousworld:yellow_grassflowers":1,"minecraft:azure_bluet":2,"minecraft:deepslate_iron_ore":4,"minecraft:vine":1,"luminousworld:groundpebbles_2":1,"minecraft:stone":38,"minecraft:deepslate_redstone_ore":1,"quark:oak_chest":1,"luminousworld:purple_petunias":1,"minecraft:powder_snow":1,"minecraft:crafting_table":5,"minecraft:cornflower":1,"minecraft:torch":1,"luminousworld:savannah_grass_1":1,"luminousworld:auburnlog":5,"minecraft:cobblestone":1,"minecraft:tall_grass":14,"minecraft:oak_planks":1,"luminousworld:whiteoaklog":8,"minecraft:grass":52,"minecraft:coal_ore":13,"minecraft:oak_log":44,"minecraft:dirt":13,"luminousworld:grassvariant_3":13,"minecraft:cobweb":1,"minecraft:stone_bricks":14,"minecraft:mossy_stone_bricks":1,"minecraft:oak_leaves":4},"minecraft:used":{"luminousworld:whiteoaklog":1,"minecraft:stone_sword":187,"tombstone:scroll_of_frost_resistance":2,"minecraft:rotten_flesh":3,"minecraft:cooked_chicken":3,"minecraft:torch":88,"minecraft:dirt":35,"minecraft:mutton":4,"minecraft:beef":2,"minecraft:furnace":4,"tombstone:gift":2,"minecraft:cooked_beef":3,"minecraft:iron_leggings":1,"minecraft:stone_pickaxe":39,"minecraft:wooden_pickaxe":21,"luminousworld:white_oak_plank":17,"minecraft:crafting_table":8,"minecraft:white_bed":3,"minecraft:diamond_pickaxe":33,"minecraft:melon_slice":8,"minecraft:string":2,"minecraft:stone_axe":97,"minecraft:cooked_porkchop":2,"minecraft:cooked_rabbit":2,"quark:oak_chest":1,"alexsmobs:animal_dictionary":1},"minecraft:picked_up":{"luminousworld:groundpebbles_1":1,"minecraft:crafting_table":5,"born_in_chaos_v1:diamond_termite_shard":1,"minecraft:wheat":12,"minecraft:azure_bluet":2,"minecraft:chicken":3,"minecraft:golden_pickaxe":1,"born_in_chaos_v1:black_argillite":2,"minecraft:cornflower":4,"minecraft:string":5,"minecraft:iron_shovel":1,"minecraft:beef":4,"luminousworld:white_oak_plank":18,"minecraft:furnace":3,"minecraft:raw_iron":4,"luminousworld:auburnlog":4,"minecraft:torch":1,"minecraft:porkchop":8,"tombstone:grave_dust":7,"minecraft:pointed_dripstone":6,"minecraft:redstone":18,"enemyexpansion:meathead_helmet":1,"minecraft:rabbit_foot":3,"luminousworld:grassflowers":1,"minecraft:rotten_flesh":3,"luminousworld:yellow_grassflowers":2,"minecraft:mutton":4,"minecraft:glow_berries":1,"minecraft:white_wool":5,"minecraft:cobblestone":37,"minecraft:oxeye_daisy":1,"born_in_chaos_v1:corpse_maggot":8,"minecraft:feather":3,"minecraft:leather":2,"minecraft:flint":7,"minecraft:oak_log":42,"luminousworld:purple_petunias":1,"minecraft:dirt":35,"minecraft:bone":4,"minecraft:stone_bricks":1,"minecraft:wheat_seeds":9,"minecraft:rabbit_hide":8,"minecraft:stone_pickaxe":1,"minecraft:rabbit":4,"luminousworld:white_petunias":1,"naturalist:snail_shell":2,"tombstone:scroll_of_frost_resistance":1,"minecraft:oak_planks":18,"minecraft:book":5,"minecraft:amethyst_shard":18,"minecraft:white_bed":2,"quark:oak_chest":1,"luminousworld:whiteoaklog":6,"minecraft:diamond":1,"minecraft:golden_apple":1,"minecraft:coal":12,"iceandfire:raw_silver":8}},"DataVersion":3465}