{"stats":{"minecraft:killed_by":{"born_in_chaos_v1:decrepit_skeleton":1},"minecraft:killed":{"undead_revamp2:the_moonflower":1},"minecraft:custom":{"minecraft:time_since_rest":5541,"tombstone:undead_killed":1,"minecraft:crouch_one_cm":46,"minecraft:walk_one_cm":56757,"minecraft:play_time":17464,"minecraft:sprint_one_cm":56030,"minecraft:damage_taken":453,"minecraft:deaths":1,"minecraft:sneak_time":8,"minecraft:mob_kills":1,"minecraft:jump":441,"minecraft:damage_dealt":464,"minecraft:time_since_death":6864,"minecraft:walk_on_water_one_cm":2429,"minecraft:total_world_time":17464,"minecraft:interact_with_crafting_table":1,"minecraft:fall_one_cm":5887,"minecraft:fly_one_cm":52048},"minecraft:crafted":{"minecraft:stick":48},"minecraft:used":{"minecraft:rotten_flesh":1,"luminousworld:whiteoaklog":1},"minecraft:mined":{"luminousworld:whiteoaklog":2,"minecraft:grass":6,"luminousworld:grassvariant_2":3,"luminousworld:grassvariant_3":2,"minecraft:tall_grass":9,"minecraft:powder_snow":1,"minecraft:oak_leaves":2,"minecraft:cornflower":1,"minecraft:azure_bluet":1,"minecraft:oak_log":6},"minecraft:picked_up":{"luminousworld:grassflowers":1,"minecraft:azure_bluet":1,"minecraft:bone":2,"minecraft:rotten_flesh":2,"minecraft:wheat_seeds":2,"minecraft:oak_log":6,"tombstone:grave_dust":2,"luminousworld:white_petunias":1,"minecraft:cornflower":2,"luminousworld:whiteoaklog":1}},"DataVersion":3465}