{"stats":{"minecraft:killed":{"naturalist:snake":1,"undead_revamp2:the_moonflower":1,"earthmobsmod:horned_sheep":3,"earthmobsmod:albino_cow":1},"minecraft:killed_by":{"born_in_chaos_v1:corpse_fly":1,"born_in_chaos_v1:decrepit_skeleton":1,"earthmobsmod:horned_sheep":1},"minecraft:custom":{"minecraft:time_since_rest":1,"minecraft:sprint_one_cm":77794,"minecraft:damage_taken":683,"minecraft:walk_one_cm":80119,"minecraft:mob_kills":6,"minecraft:damage_dealt":991,"minecraft:fly_one_cm":93806,"minecraft:interact_with_crafting_table":5,"minecraft:crouch_one_cm":46,"minecraft:play_time":29464,"tombstone:undead_killed":1,"minecraft:deaths":3,"minecraft:sneak_time":20,"minecraft:jump":615,"minecraft:walk_on_water_one_cm":2429,"minecraft:time_since_death":378,"minecraft:total_world_time":29464,"minecraft:fall_one_cm":9151},"minecraft:crafted":{"minecraft:oak_planks":12,"minecraft:crafting_table":2,"minecraft:stick":48,"minecraft:wooden_pickaxe":1,"minecraft:stone_pickaxe":1,"minecraft:stone_sword":1},"minecraft:used":{"minecraft:stone_sword":29,"luminousworld:whiteoaklog":1,"minecraft:stone_pickaxe":2,"minecraft:wooden_pickaxe":21,"minecraft:rotten_flesh":1,"minecraft:beef":1,"minecraft:crafting_table":3},"minecraft:mined":{"luminousworld:whiteoaklog":2,"quark:yellow_blossom_leaves":8,"minecraft:powder_snow":1,"minecraft:crafting_table":1,"minecraft:azure_bluet":1,"minecraft:cornflower":1,"minecraft:grass":14,"minecraft:oak_log":9,"luminousworld:grassvariant_2":5,"luminousworld:grassvariant_3":2,"minecraft:tall_grass":9,"luminousworld:groundpebbles_2":1,"minecraft:stone":21,"minecraft:oak_leaves":2},"minecraft:picked_up":{"luminousworld:groundpebbles_1":1,"minecraft:crafting_table":1,"minecraft:azure_bluet":1,"minecraft:oak_log":9,"tombstone:grave_dust":2,"minecraft:cornflower":2,"luminousworld:whiteoaklog":1,"luminousworld:grassflowers":1,"minecraft:bone":2,"minecraft:rotten_flesh":2,"minecraft:wheat_seeds":5,"minecraft:beef":2,"luminousworld:white_petunias":1,"minecraft:mutton":3,"minecraft:white_wool":3,"minecraft:cobblestone":21}},"DataVersion":3465}