{"stats":{"minecraft:dropped":{"minecraft:golden_pickaxe":2,"born_in_chaos_v1:diamond_termite_shard":1,"minecraft:string":2,"minecraft:white_wool":2},"minecraft:killed":{"born_in_chaos_v1:diamond_termite":3,"naturalist:snake":1,"undead_revamp2:the_moonflower":1,"undead_revamp2:axestrom":1,"enemyexpansion:direwolf":1,"naturalist:snail":1,"minecraft:skeleton":1,"earthmobsmod:horned_sheep":4,"earthmobsmod:albino_cow":2},"minecraft:killed_by":{"born_in_chaos_v1:decrepit_skeleton":1,"born_in_chaos_v1:corpse_fly":1,"earthmobsmod:horned_sheep":1},"minecraft:custom":{"minecraft:interact_with_furnace":6,"minecraft:mob_kills":15,"minecraft:interact_with_crafting_table":12,"minecraft:open_barrel":9,"minecraft:time_since_death":48378,"minecraft:sleep_in_bed":1,"minecraft:climb_one_cm":9273,"minecraft:time_since_rest":25265,"minecraft:sprint_one_cm":196198,"minecraft:damage_taken":1043,"minecraft:walk_one_cm":182996,"minecraft:drop":6,"minecraft:damage_dealt":2046,"minecraft:swim_one_cm":469,"minecraft:fly_one_cm":233357,"minecraft:open_chest":2,"minecraft:crouch_one_cm":323,"minecraft:play_time":77464,"tombstone:undead_killed":2,"minecraft:deaths":3,"minecraft:sneak_time":203,"minecraft:walk_under_water_one_cm":106,"minecraft:jump":1367,"minecraft:walk_on_water_one_cm":6107,"minecraft:total_world_time":77464,"minecraft:fall_one_cm":23653},"minecraft:crafted":{"minecraft:cooked_beef":5,"minecraft:oak_planks":72,"minecraft:crafting_table":4,"minecraft:wooden_pickaxe":1,"minecraft:stone_axe":1,"minecraft:air":0,"minecraft:diamond_pickaxe":1,"minecraft:stick":48,"minecraft:stone_pickaxe":1,"minecraft:stone_sword":1,"minecraft:white_bed":1,"minecraft:torch":96},"minecraft:used":{"minecraft:stone_sword":94,"luminousworld:whiteoaklog":1,"tombstone:scroll_of_frost_resistance":2,"minecraft:stone_pickaxe":39,"minecraft:wooden_pickaxe":21,"minecraft:rotten_flesh":2,"minecraft:torch":62,"minecraft:dirt":35,"minecraft:mutton":4,"minecraft:crafting_table":5,"minecraft:white_bed":1,"minecraft:diamond_pickaxe":15,"minecraft:melon_slice":8,"minecraft:string":2,"minecraft:stone_axe":53,"minecraft:beef":2,"tombstone:gift":2,"minecraft:cooked_beef":3},"minecraft:mined":{"minecraft:deepslate_redstone_ore":1,"minecraft:white_bed":1,"iceandfire:silver_ore":2,"quark:yellow_blossom_leaves":8,"luminousworld:grassvariant_4":1,"luminousworld:purple_petunias":1,"minecraft:powder_snow":1,"minecraft:crafting_table":3,"minecraft:cornflower":1,"minecraft:grass_block":23,"born_in_chaos_v1:black_argillite":1,"iceandfire:deepslate_silver_ore":2,"luminousworld:auburnlog":5,"luminousworld:grassvariant_2":12,"minecraft:tall_grass":9,"minecraft:cobblestone":1,"minecraft:oak_planks":1,"luminousworld:whiteoaklog":8,"minecraft:redstone_ore":3,"minecraft:azure_bluet":2,"minecraft:grass":23,"minecraft:deepslate_iron_ore":4,"minecraft:oak_log":42,"minecraft:coal_ore":13,"minecraft:vine":1,"minecraft:dirt":13,"luminousworld:grassvariant_3":4,"minecraft:cobweb":1,"luminousworld:groundpebbles_2":1,"minecraft:stone":38,"minecraft:mossy_stone_bricks":1,"minecraft:oak_leaves":3},"minecraft:picked_up":{"luminousworld:groundpebbles_1":1,"born_in_chaos_v1:diamond_termite_shard":1,"minecraft:crafting_table":3,"minecraft:azure_bluet":2,"minecraft:golden_pickaxe":1,"minecraft:leather":1,"minecraft:oak_log":40,"luminousworld:purple_petunias":1,"born_in_chaos_v1:black_argillite":1,"minecraft:string":5,"minecraft:cornflower":2,"minecraft:dirt":35,"minecraft:bone":4,"minecraft:wheat_seeds":6,"minecraft:beef":4,"luminousworld:white_petunias":1,"naturalist:snail_shell":1,"minecraft:oak_planks":1,"minecraft:raw_iron":4,"luminousworld:auburnlog":4,"minecraft:pointed_dripstone":2,"tombstone:grave_dust":3,"minecraft:white_bed":1,"minecraft:redstone":18,"luminousworld:whiteoaklog":6,"luminousworld:grassflowers":1,"minecraft:rotten_flesh":2,"minecraft:mutton":4,"minecraft:coal":12,"iceandfire:raw_silver":4,"minecraft:white_wool":5,"minecraft:cobblestone":37,"minecraft:oxeye_daisy":1}},"DataVersion":3465}