{"stats":{"minecraft:dropped":{"minecraft:wheat_seeds":1,"alexsmobs:animal_dictionary":1,"minecraft:golden_pickaxe":2,"minecraft:pointed_dripstone":2,"minecraft:feather":3,"luminousworld:grassflowers":1,"minecraft:cornflower":4,"born_in_chaos_v1:diamond_termite_shard":1,"minecraft:wooden_pickaxe":1,"minecraft:string":2,"minecraft:white_wool":2},"minecraft:killed_by":{"born_in_chaos_v1:decrepit_skeleton":1,"born_in_chaos_v1:corpse_fly":1,"earthmobsmod:horned_sheep":1,"iceandfire:fire_dragon":1},"minecraft:killed":{"earthmobsmod:duck":3,"earthmobsmod:jumbo_rabbit":2,"born_in_chaos_v1:diamond_termite":3,"naturalist:snake":1,"undead_revamp2:the_moonflower":1,"undead_revamp2:axestrom":1,"enemyexpansion:direwolf":1,"naturalist:snail":1,"minecraft:skeleton":1,"ecologics:coconut_crab":1,"earthmobsmod:horned_sheep":4,"earthmobsmod:albino_cow":2},"minecraft:custom":{"minecraft:interact_with_furnace":18,"minecraft:mob_kills":21,"minecraft:interact_with_crafting_table":19,"minecraft:open_barrel":9,"minecraft:time_since_death":3808,"minecraft:sleep_in_bed":1,"minecraft:climb_one_cm":13485,"minecraft:time_since_rest":1409,"minecraft:sprint_one_cm":232577,"minecraft:damage_taken":1323,"minecraft:walk_one_cm":202745,"minecraft:drop":15,"minecraft:damage_dealt":2572,"minecraft:swim_one_cm":469,"minecraft:fly_one_cm":352129,"minecraft:open_chest":3,"minecraft:crouch_one_cm":359,"minecraft:play_time":89464,"tombstone:undead_killed":2,"minecraft:deaths":4,"minecraft:sneak_time":222,"minecraft:walk_under_water_one_cm":4767,"minecraft:jump":1744,"minecraft:walk_on_water_one_cm":9822,"minecraft:total_world_time":89464,"minecraft:fall_one_cm":35215},"minecraft:crafted":{"minecraft:cooked_beef":5,"minecraft:oak_planks":72,"minecraft:crafting_table":4,"minecraft:cooked_chicken":3,"minecraft:wooden_pickaxe":1,"minecraft:furnace":1,"minecraft:stone_axe":1,"minecraft:air":0,"minecraft:diamond_pickaxe":1,"luminousworld:white_oak_plank":20,"quark:oak_chest":1,"minecraft:stick":48,"minecraft:iron_ingot":5,"minecraft:stone_pickaxe":1,"minecraft:iron_leggings":1,"minecraft:stone_sword":1,"minecraft:white_bed":1,"minecraft:torch":96},"minecraft:used":{"minecraft:stone_sword":111,"luminousworld:whiteoaklog":1,"tombstone:scroll_of_frost_resistance":2,"minecraft:stone_pickaxe":39,"minecraft:wooden_pickaxe":21,"minecraft:cooked_chicken":3,"minecraft:rotten_flesh":2,"minecraft:torch":62,"minecraft:dirt":35,"minecraft:mutton":4,"minecraft:crafting_table":8,"minecraft:white_bed":1,"minecraft:diamond_pickaxe":17,"minecraft:melon_slice":8,"minecraft:string":2,"minecraft:stone_axe":60,"minecraft:beef":2,"minecraft:furnace":2,"tombstone:gift":2,"quark:oak_chest":1,"alexsmobs:animal_dictionary":1,"minecraft:cooked_beef":3,"minecraft:iron_leggings":1},"minecraft:mined":{"minecraft:deepslate_redstone_ore":1,"minecraft:white_bed":1,"iceandfire:silver_ore":2,"quark:yellow_blossom_leaves":8,"luminousworld:grassvariant_4":1,"luminousworld:purple_petunias":1,"minecraft:powder_snow":1,"minecraft:crafting_table":4,"minecraft:cornflower":1,"minecraft:grass_block":23,"born_in_chaos_v1:black_argillite":1,"iceandfire:deepslate_silver_ore":2,"luminousworld:auburnlog":5,"luminousworld:grassvariant_2":13,"minecraft:tall_grass":9,"minecraft:cobblestone":1,"minecraft:oak_planks":1,"luminousworld:whiteoaklog":8,"minecraft:redstone_ore":3,"minecraft:furnace":1,"minecraft:azure_bluet":2,"minecraft:grass":25,"minecraft:deepslate_iron_ore":4,"minecraft:oak_log":44,"minecraft:coal_ore":13,"minecraft:vine":1,"minecraft:dirt":13,"luminousworld:grassvariant_3":6,"minecraft:cobweb":1,"luminousworld:groundpebbles_2":1,"minecraft:stone":38,"minecraft:mossy_stone_bricks":1,"minecraft:oak_leaves":4},"minecraft:picked_up":{"luminousworld:groundpebbles_1":1,"born_in_chaos_v1:diamond_termite_shard":1,"minecraft:crafting_table":4,"minecraft:feather":3,"minecraft:azure_bluet":2,"minecraft:chicken":3,"minecraft:golden_pickaxe":1,"minecraft:leather":1,"minecraft:oak_log":42,"luminousworld:purple_petunias":1,"born_in_chaos_v1:black_argillite":1,"minecraft:string":5,"minecraft:cornflower":4,"minecraft:dirt":35,"minecraft:bone":4,"minecraft:wheat_seeds":7,"minecraft:rabbit_hide":4,"minecraft:beef":4,"minecraft:rabbit":2,"luminousworld:white_petunias":1,"naturalist:snail_shell":1,"minecraft:oak_planks":1,"minecraft:furnace":1,"minecraft:raw_iron":4,"luminousworld:auburnlog":4,"minecraft:pointed_dripstone":4,"tombstone:grave_dust":3,"minecraft:white_bed":1,"minecraft:redstone":18,"minecraft:rabbit_foot":1,"luminousworld:whiteoaklog":6,"luminousworld:grassflowers":1,"minecraft:rotten_flesh":2,"minecraft:mutton":4,"minecraft:coal":12,"iceandfire:raw_silver":4,"minecraft:white_wool":5,"minecraft:cobblestone":37,"minecraft:oxeye_daisy":1}},"DataVersion":3465}