{"stats":{"minecraft:dropped":{"minecraft:wheat_seeds":1,"alexsmobs:animal_dictionary":1,"minecraft:golden_pickaxe":2,"minecraft:pointed_dripstone":2,"minecraft:feather":3,"luminousworld:yellow_grassflowers":1,"luminousworld:grassflowers":1,"minecraft:cornflower":4,"born_in_chaos_v1:diamond_termite_shard":1,"minecraft:wooden_pickaxe":1,"minecraft:string":2,"minecraft:white_wool":2},"minecraft:broken":{"minecraft:stone_sword":1},"minecraft:killed_by":{"born_in_chaos_v1:decrepit_skeleton":1,"born_in_chaos_v1:corpse_fly":2,"earthmobsmod:horned_sheep":1,"iceandfire:fire_dragon":1},"minecraft:killed":{"earthmobsmod:duck":3,"earthmobsmod:jumbo_rabbit":2,"born_in_chaos_v1:diamond_termite":3,"naturalist:snake":1,"undead_revamp2:the_moonflower":1,"undead_revamp2:axestrom":1,"enemyexpansion:direwolf":1,"naturalist:snail":1,"minecraft:skeleton":1,"enemyexpansion:meature":1,"born_in_chaos_v1:corpse_fly":3,"enemyexpansion:botfly":4,"ecologics:coconut_crab":1,"earthmobsmod:horned_sheep":4,"earthmobsmod:albino_cow":2},"minecraft:custom":{"minecraft:interact_with_furnace":20,"minecraft:mob_kills":29,"minecraft:interact_with_crafting_table":21,"minecraft:open_barrel":9,"minecraft:time_since_death":3385,"minecraft:sleep_in_bed":4,"minecraft:climb_one_cm":13485,"minecraft:time_since_rest":3181,"minecraft:sprint_one_cm":260797,"minecraft:damage_taken":1662,"minecraft:walk_one_cm":236573,"minecraft:drop":16,"minecraft:damage_dealt":3565,"minecraft:swim_one_cm":469,"minecraft:fly_one_cm":437735,"minecraft:open_chest":14,"minecraft:crouch_one_cm":360,"minecraft:play_time":101464,"tombstone:undead_killed":3,"minecraft:deaths":5,"minecraft:sneak_time":261,"minecraft:walk_under_water_one_cm":4767,"minecraft:jump":2190,"minecraft:walk_on_water_one_cm":9822,"minecraft:total_world_time":101464,"minecraft:fall_one_cm":41766},"minecraft:crafted":{"minecraft:cooked_beef":5,"minecraft:oak_planks":72,"minecraft:crafting_table":4,"minecraft:cooked_chicken":3,"minecraft:wooden_pickaxe":1,"minecraft:furnace":1,"minecraft:stone_axe":1,"minecraft:air":0,"minecraft:diamond_pickaxe":1,"luminousworld:white_oak_plank":20,"quark:oak_chest":1,"minecraft:stick":48,"minecraft:iron_ingot":8,"minecraft:stone_pickaxe":1,"minecraft:iron_leggings":1,"minecraft:stone_sword":1,"minecraft:white_bed":1,"minecraft:torch":96},"minecraft:used":{"minecraft:stone_sword":187,"luminousworld:whiteoaklog":1,"tombstone:scroll_of_frost_resistance":2,"minecraft:stone_pickaxe":39,"minecraft:wooden_pickaxe":21,"minecraft:cooked_chicken":3,"minecraft:rotten_flesh":3,"minecraft:torch":88,"minecraft:dirt":35,"minecraft:mutton":4,"minecraft:crafting_table":8,"minecraft:white_bed":2,"minecraft:diamond_pickaxe":18,"minecraft:melon_slice":8,"minecraft:string":2,"minecraft:stone_axe":80,"minecraft:beef":2,"minecraft:furnace":2,"tombstone:gift":2,"quark:oak_chest":1,"alexsmobs:animal_dictionary":1,"minecraft:cooked_beef":3,"minecraft:iron_leggings":1},"minecraft:mined":{"minecraft:deepslate_redstone_ore":1,"minecraft:white_bed":2,"iceandfire:silver_ore":2,"quark:yellow_blossom_leaves":8,"luminousworld:grassvariant_4":1,"quark:oak_chest":1,"luminousworld:purple_petunias":1,"minecraft:powder_snow":1,"minecraft:crafting_table":5,"minecraft:cornflower":1,"minecraft:torch":1,"minecraft:grass_block":23,"born_in_chaos_v1:black_argillite":1,"iceandfire:deepslate_silver_ore":2,"luminousworld:auburnlog":5,"luminousworld:grassvariant_2":25,"minecraft:tall_grass":9,"minecraft:cobblestone":1,"minecraft:oak_planks":1,"luminousworld:whiteoaklog":8,"minecraft:redstone_ore":3,"minecraft:furnace":2,"luminousworld:yellow_grassflowers":1,"minecraft:azure_bluet":2,"minecraft:grass":50,"minecraft:deepslate_iron_ore":4,"minecraft:oak_log":44,"minecraft:coal_ore":13,"minecraft:vine":1,"minecraft:dirt":13,"luminousworld:grassvariant_3":12,"minecraft:cobweb":1,"luminousworld:groundpebbles_2":1,"minecraft:stone":38,"minecraft:mossy_stone_bricks":1,"minecraft:oak_leaves":4},"minecraft:picked_up":{"born_in_chaos_v1:corpse_maggot":8,"luminousworld:groundpebbles_1":1,"born_in_chaos_v1:diamond_termite_shard":1,"minecraft:crafting_table":5,"minecraft:wheat":12,"minecraft:feather":3,"minecraft:azure_bluet":2,"minecraft:chicken":3,"minecraft:golden_pickaxe":1,"minecraft:leather":2,"minecraft:flint":7,"minecraft:oak_log":42,"luminousworld:purple_petunias":1,"born_in_chaos_v1:black_argillite":2,"minecraft:string":5,"minecraft:cornflower":4,"minecraft:dirt":35,"minecraft:iron_shovel":1,"minecraft:bone":4,"minecraft:wheat_seeds":9,"minecraft:rabbit_hide":8,"minecraft:stone_pickaxe":1,"minecraft:beef":4,"minecraft:rabbit":4,"luminousworld:white_petunias":1,"naturalist:snail_shell":2,"tombstone:scroll_of_frost_resistance":1,"minecraft:oak_planks":18,"minecraft:furnace":2,"minecraft:book":5,"minecraft:raw_iron":4,"luminousworld:auburnlog":4,"minecraft:torch":1,"minecraft:amethyst_shard":18,"quark:oak_chest":1,"minecraft:pointed_dripstone":6,"tombstone:grave_dust":7,"minecraft:white_bed":2,"minecraft:redstone":18,"enemyexpansion:meathead_helmet":1,"minecraft:rabbit_foot":2,"luminousworld:whiteoaklog":6,"luminousworld:grassflowers":1,"minecraft:rotten_flesh":3,"luminousworld:yellow_grassflowers":2,"minecraft:diamond":1,"minecraft:golden_apple":1,"minecraft:glow_berries":1,"minecraft:mutton":4,"minecraft:coal":12,"iceandfire:raw_silver":8,"minecraft:white_wool":5,"minecraft:cobblestone":37,"minecraft:oxeye_daisy":1}},"DataVersion":3465}