{"stats":{"minecraft:killed":{"earthmobsmod:duck":3,"earthmobsmod:jumbo_rabbit":2,"iceandfire:gorgon":1,"enemyexpansion:equestrian":1,"undead_revamp2:axestrom":1,"enemyexpansion:direwolf":1,"naturalist:snail":2,"minecraft:skeleton":1,"illagerinvasion:provoker":1,"ecologics:coconut_crab":1,"minecraft:silverfish":7,"luminousworld:savannah_zombie":2,"earthmobsmod:albino_cow":2,"minecraft:pig":4,"born_in_chaos_v1:diamond_termite":3,"naturalist:snake":2,"undead_revamp2:the_moonflower":1,"minecraft:sheep":2,"enemyexpansion:meature":1,"iceandfire:ghost":1,"born_in_chaos_v1:corpse_fly":3,"enemyexpansion:botfly":4,"earthmobsmod:horned_sheep":4},"minecraft:mined":{"minecraft:white_bed":8,"iceandfire:silver_ore":2,"quark:yellow_blossom_leaves":8,"luminousworld:grassvariant_4":14,"minecraft:grass_block":26,"minecraft:infested_cobblestone":1,"born_in_chaos_v1:black_argillite":1,"iceandfire:deepslate_silver_ore":2,"luminousworld:grassvariant_2":44,"minecraft:redstone_ore":3,"minecraft:furnace":6,"luminousworld:yellow_grassflowers":3,"minecraft:iron_ore":2,"minecraft:azure_bluet":2,"minecraft:deepslate_iron_ore":4,"minecraft:vine":2,"luminousworld:groundpebbles_2":1,"minecraft:stone":41,"minecraft:deepslate_redstone_ore":1,"quark:oak_chest":2,"luminousworld:purple_petunias":1,"minecraft:powder_snow":1,"minecraft:crafting_table":9,"minecraft:cornflower":1,"minecraft:torch":1,"luminousworld:savannah_grass_1":1,"luminousworld:auburnlog":5,"luminousworld:grassflowers":1,"minecraft:tall_grass":18,"minecraft:cobblestone":3,"minecraft:oak_planks":1,"minecraft:skeleton_skull":1,"luminousworld:whiteoaklog":8,"minecraft:cobblestone_wall":1,"minecraft:grass":88,"minecraft:oak_log":45,"minecraft:coal_ore":14,"minecraft:dirt":13,"luminousworld:grassvariant_3":17,"minecraft:cobweb":1,"minecraft:cracked_stone_bricks":1,"minecraft:stone_bricks":15,"luminousworld:savannah_grass_4":3,"minecraft:mossy_stone_bricks":2,"minecraft:oak_leaves":12,"minecraft:fern":1},"minecraft:killed_by":{"born_in_chaos_v1:corpse_fly":2,"iceandfire:gorgon":2,"born_in_chaos_v1:decrepit_skeleton":1,"earthmobsmod:horned_sheep":1,"iceandfire:fire_dragon":1},"minecraft:crafted":{"minecraft:oak_planks":72,"minecraft:cooked_chicken":3,"minecraft:furnace":2,"minecraft:cooked_mutton":6,"minecraft:iron_boots":1,"luminousworld:white_oak_plank":20,"minecraft:stone_pickaxe":1,"minecraft:cooked_rabbit":2,"minecraft:cooked_beef":5,"minecraft:cooked_porkchop":13,"minecraft:crafting_table":4,"minecraft:wooden_pickaxe":1,"naturalist:glow_goop":1,"minecraft:stone_axe":1,"minecraft:air":0,"minecraft:oak_boat":1,"minecraft:diamond_pickaxe":1,"minecraft:stick":48,"quark:oak_chest":1,"minecraft:iron_ingot":10,"minecraft:stone_sword":2,"minecraft:iron_leggings":1,"minecraft:white_bed":1,"minecraft:torch":96},"minecraft:custom":{"minecraft:mob_kills":50,"minecraft:interact_with_crafting_table":30,"minecraft:open_barrel":9,"minecraft:leave_game":4,"minecraft:time_since_death":17136,"minecraft:climb_one_cm":15924,"minecraft:sprint_one_cm":600017,"minecraft:walk_one_cm":432853,"minecraft:drop":28,"minecraft:talked_to_villager":2,"minecraft:play_time":191636,"minecraft:deaths":7,"minecraft:sneak_time":720,"minecraft:walk_under_water_one_cm":11445,"minecraft:boat_one_cm":26760,"minecraft:jump":5033,"minecraft:walk_on_water_one_cm":57445,"minecraft:total_world_time":191636,"minecraft:interact_with_furnace":59,"tombstone:raider_killed":1,"minecraft:sleep_in_bed":20,"minecraft:time_since_rest":10601,"minecraft:damage_absorbed":40,"minecraft:damage_taken":2147483647,"minecraft:trigger_trapped_chest":5,"minecraft:damage_dealt":6893,"minecraft:swim_one_cm":17268,"minecraft:fly_one_cm":1079926,"minecraft:open_chest":29,"minecraft:crouch_one_cm":1957,"tombstone:undead_killed":8,"minecraft:interact_with_smoker":1,"minecraft:fall_one_cm":112555},"minecraft:dropped":{"minecraft:wheat_seeds":7,"minecraft:golden_pickaxe":2,"minecraft:feather":3,"iceandfire:gorgon_head":2,"minecraft:flint":7,"minecraft:gray_wool":1,"minecraft:cornflower":4,"minecraft:string":2,"minecraft:white_wool":2,"alexsmobs:animal_dictionary":1,"minecraft:pointed_dripstone":2,"artifacts:everlasting_beef":1,"luminousworld:yellow_grassflowers":1,"minecraft:rabbit_hide":4,"luminousworld:grassflowers":1,"minecraft:oak_sapling":1,"born_in_chaos_v1:diamond_termite_shard":1,"minecraft:stone_bricks":1,"minecraft:arrow":2,"minecraft:wooden_pickaxe":1,"minecraft:black_wool":1},"minecraft:used":{"minecraft:stone_sword":346,"luminousworld:whiteoaklog":1,"tombstone:scroll_of_frost_resistance":2,"minecraft:player_head":1,"minecraft:cooked_chicken":4,"minecraft:rotten_flesh":3,"minecraft:torch":97,"minecraft:dirt":38,"minecraft:mutton":4,"minecraft:carrot":1,"born_in_chaos_v1:corpse_maggot":4,"minecraft:iron_boots":1,"minecraft:beef":2,"minecraft:furnace":6,"tombstone:gift":2,"minecraft:cooked_beef":5,"minecraft:iron_leggings":1,"minecraft:cooked_mutton":3,"minecraft:mossy_stone_bricks":1,"minecraft:stone_pickaxe":39,"minecraft:wooden_pickaxe":21,"luminousworld:white_oak_plank":18,"luminousworld:yellow_grassflowers":1,"minecraft:cracked_stone_bricks":1,"minecraft:golden_apple":1,"minecraft:crafting_table":12,"minecraft:white_bed":9,"minecraft:diamond_pickaxe":52,"minecraft:apple":1,"minecraft:bread":4,"minecraft:melon_slice":8,"minecraft:string":2,"naturalist:glow_goop":1,"minecraft:stone_axe":135,"minecraft:cooked_porkchop":7,"minecraft:cooked_rabbit":2,"minecraft:oak_boat":1,"quark:oak_chest":2,"alexsmobs:animal_dictionary":1},"minecraft:broken":{"minecraft:stone_sword":2,"minecraft:iron_boots":1,"minecraft:iron_leggings":1,"enemyexpansion:meathead_helmet":1,"minecraft:stone_axe":1},"minecraft:picked_up":{"luminousworld:groundpebbles_1":1,"born_in_chaos_v1:diamond_termite_shard":1,"minecraft:crafting_table":9,"minecraft:wheat":25,"minecraft:azure_bluet":2,"minecraft:chicken":3,"minecraft:golden_pickaxe":1,"born_in_chaos_v1:black_argillite":3,"minecraft:cornflower":4,"minecraft:string":5,"minecraft:item_frame":1,"minecraft:iron_shovel":1,"minecraft:experience_bottle":2,"minecraft:cracked_stone_bricks":1,"minecraft:beef":4,"luminousworld:white_oak_plank":18,"minecraft:furnace":5,"minecraft:raw_iron":6,"luminousworld:auburnlog":4,"minecraft:torch":1,"minecraft:porkchop":8,"minecraft:pointed_dripstone":6,"tombstone:grave_dust":11,"minecraft:carrot":1,"minecraft:redstone":36,"enemyexpansion:meathead_helmet":1,"minecraft:rabbit_foot":5,"artifacts:everlasting_beef":1,"luminousworld:grassflowers":1,"minecraft:rotten_flesh":4,"minecraft:arrow":2,"luminousworld:yellow_grassflowers":3,"supplementaries:ash":1,"minecraft:glow_berries":2,"minecraft:mutton":6,"minecraft:white_wool":5,"minecraft:cobblestone":39,"minecraft:oxeye_daisy":1,"born_in_chaos_v1:corpse_maggot":12,"minecraft:feather":3,"minecraft:cooked_beef":2,"minecraft:leather":3,"minecraft:flint":14,"minecraft:oak_log":43,"luminousworld:purple_petunias":1,"minecraft:dirt":38,"minecraft:cooked_mutton":1,"minecraft:bone":6,"minecraft:apple":1,"minecraft:stone_bricks":2,"minecraft:bow":1,"minecraft:wheat_seeds":18,"minecraft:rabbit_hide":12,"minecraft:iron_ingot":2,"minecraft:stone_pickaxe":1,"minecraft:cooked_chicken":1,"minecraft:mossy_stone_bricks":1,"minecraft:rabbit":4,"luminousworld:white_petunias":1,"naturalist:snail_shell":3,"tombstone:scroll_of_frost_resistance":2,"minecraft:oak_planks":78,"minecraft:book":10,"minecraft:amethyst_shard":36,"minecraft:white_bed":9,"quark:oak_chest":2,"luminousworld:whiteoaklog":6,"minecraft:slime_ball":4,"minecraft:diamond":2,"minecraft:polished_diorite":2,"minecraft:golden_apple":1,"minecraft:gray_wool":2,"iceandfire:gorgon_head":3,"minecraft:oak_sapling":1,"minecraft:black_wool":2,"minecraft:coal":16,"iceandfire:raw_silver":8}},"DataVersion":3465}