{"stats":{"minecraft:killed":{"earthmobsmod:hyper_rabbit":1,"undead_revamp2:thehunter":1,"minecraft:spider":2,"enemyexpansion:direwolf":1,"born_in_chaos_v1:maggot":3,"naturalist:snail":1,"minecraft:chicken":5,"naturalist:bass":3,"ecologics:coconut_crab":1,"earthmobsmod:albino_cow":2,"enemyexpansion:vampflyer":1,"minecraft:pig":4,"born_in_chaos_v1:diamond_termite":3,"minecraft:sheep":1,"luminousworld:savannah_skeleton":1,"minecraft:zombie":1,"born_in_chaos_v1:corpse_fly":3,"earthmobsmod:horned_sheep":3,"enemyexpansion:wasp":1,"minecraft:cow":4},"minecraft:mined":{"luminousworld:white_petunias":2,"minecraft:yellow_terracotta":6,"minecraft:white_bed":8,"iceandfire:silver_ore":3,"quark:yellow_blossom_leaves":22,"luminousworld:grassvariant_4":1,"minecraft:deepslate_diamond_ore":1,"minecraft:cobblestone_stairs":2,"minecraft:spruce_trapdoor":1,"minecraft:glow_lichen":1,"minecraft:grass_block":61,"luminousworld:grassvariant_2":15,"minecraft:polished_diorite":8,"minecraft:oxeye_daisy":2,"minecraft:tall_seagrass":1,"minecraft:magma_block":6,"minecraft:furnace":3,"minecraft:pointed_dripstone":2,"minecraft:deepslate_iron_ore":15,"minecraft:vine":1,"minecraft:iron_bars":6,"minecraft:spruce_slab":1,"minecraft:stone":50,"minecraft:cake":1,"minecraft:white_wool":9,"minecraft:deepslate_redstone_ore":4,"luminousworld:savannah_soil":1,"minecraft:acacia_leaves":2,"minecraft:scaffolding":1,"minecraft:brown_carpet":1,"minecraft:stone_brick_slab":3,"minecraft:dandelion":1,"minecraft:powder_snow":1,"minecraft:oak_fence":2,"minecraft:crafting_table":5,"luminousworld:savannah_grass_1":1,"minecraft:campfire":4,"quark:blossom_log":10,"minecraft:tall_grass":14,"minecraft:cobblestone":3,"minecraft:oak_planks":2,"minecraft:wall_torch":1,"supplementaries:urn":7,"minecraft:seagrass":2,"minecraft:red_terracotta":4,"minecraft:trapped_chest":1,"minecraft:yellow_wool":2,"minecraft:gray_bed":7,"minecraft:birch_leaves":7,"minecraft:grass":29,"minecraft:oak_log":15,"minecraft:coal_ore":24,"minecraft:flower_pot":1,"minecraft:acacia_fence":7,"minecraft:zombie_head":1,"minecraft:gravel":10,"minecraft:dirt":72,"luminousworld:grassvariant_3":4,"minecraft:cobweb":5,"minecraft:stone_bricks":6,"minecraft:netherrack":68,"minecraft:oak_leaves":6,"minecraft:deepslate":4},"minecraft:killed_by":{"minecraft:husk":2,"undead_revamp2:sucker":1,"endermanoverhaul:cave_enderman":2,"earthmobsmod:horned_sheep":1,"iceandfire:fire_dragon":2},"minecraft:crafted":{"minecraft:wooden_sword":1,"minecraft:oak_planks":52,"minecraft:cooked_chicken":12,"minecraft:furnace":1,"naturalist:cooked_bass":2,"minecraft:cooked_mutton":4,"minecraft:iron_boots":1,"minecraft:stone_pickaxe":1,"minecraft:cooked_rabbit":1,"ecologics:crab_meat":1,"minecraft:cooked_beef":8,"minecraft:cooked_cod":5,"minecraft:wooden_shovel":1,"quark:blossom_planks":40,"iceandfire:silver_ingot":2,"minecraft:cooked_porkchop":6,"minecraft:crafting_table":1,"minecraft:wooden_pickaxe":1,"minecraft:baked_potato":8,"minecraft:air":0,"minecraft:iron_chestplate":1,"minecraft:shield":1,"minecraft:stick":26,"minecraft:iron_ingot":30,"minecraft:iron_pickaxe":1,"minecraft:stone_sword":1,"minecraft:white_bed":1,"quark:blossom_button":10,"minecraft:torch":60,"iceandfire:silver_sword":1},"minecraft:dropped":{"minecraft:wheat_seeds":4,"minecraft:cooked_beef":3,"minecraft:golden_pickaxe":1,"minecraft:glass_bottle":9,"luminousworld:white_petunias":2,"minecraft:cooked_porkchop":1,"minecraft:cobblestone":1,"born_in_chaos_v1:pieceofdarkmetal":1,"minecraft:stick":2,"iceandfire:silver_sword":2,"minecraft:gray_bed":1,"minecraft:wooden_sword":1,"minecraft:paper":7,"minecraft:string":7,"minecraft:gravel":1,"minecraft:cooked_chicken":1,"minecraft:cobbled_deepslate":12,"minecraft:rotten_flesh":4,"minecraft:azure_bluet":1,"minecraft:white_bed":1,"luminousworld:yellow_grassflowers":2,"luminousworld:grassflowers":1,"minecraft:flower_pot":1,"minecraft:gunpowder":16,"ecologics:walnut":1,"aether:iron_gloves":1,"luminousworld:blue_petunias":1,"minecraft:raw_gold":2},"minecraft:used":{"minecraft:stone_sword":89,"iceandfire:silver_sword":253,"minecraft:wooden_shovel":18,"minecraft:cooked_chicken":4,"minecraft:torch":69,"minecraft:dirt":135,"ecologics:crab_meat":1,"naturalist:cooked_bass":2,"minecraft:golden_shovel":67,"minecraft:obsidian":2,"supplementaries:bomb_blue":1,"minecraft:magma_block":4,"minecraft:oak_sapling":1,"minecraft:furnace":4,"minecraft:gray_bed":7,"tombstone:gift":2,"minecraft:trapped_chest":2,"minecraft:cooked_beef":7,"minecraft:egg":1,"minecraft:golden_axe":21,"minecraft:cooked_mutton":4,"minecraft:water_bucket":2,"minecraft:baked_potato":5,"minecraft:stone_pickaxe":26,"minecraft:wooden_pickaxe":12,"minecraft:white_wool":1,"minecraft:crafting_table":4,"minecraft:white_bed":8,"minecraft:iron_pickaxe":154,"minecraft:wooden_sword":39,"minecraft:cobblestone":2,"minecraft:porkchop":5,"minecraft:cooked_porkchop":5,"minecraft:cooked_rabbit":1,"minecraft:bucket":2,"alexsmobs:animal_dictionary":2,"minecraft:chest_minecart":1,"minecraft:golden_pickaxe":64},"minecraft:custom":{"minecraft:interact_with_smithing_table":1,"minecraft:mob_kills":47,"minecraft:interact_with_crafting_table":23,"minecraft:open_barrel":17,"minecraft:damage_dealt_resisted":72,"minecraft:leave_game":6,"minecraft:time_since_death":72284,"minecraft:climb_one_cm":36501,"minecraft:sprint_one_cm":1198785,"minecraft:walk_one_cm":904925,"minecraft:drop":62,"minecraft:talked_to_villager":16,"minecraft:play_time":233792,"minecraft:deaths":10,"minecraft:sneak_time":3809,"minecraft:walk_under_water_one_cm":39141,"minecraft:boat_one_cm":19620,"minecraft:jump":2778,"minecraft:walk_on_water_one_cm":83026,"minecraft:total_world_time":233792,"minecraft:interact_with_furnace":62,"minecraft:interact_with_loom":1,"minecraft:sleep_in_bed":15,"minecraft:time_since_rest":12621,"minecraft:damage_taken":3643,"minecraft:trigger_trapped_chest":6,"minecraft:damage_dealt":5415,"minecraft:fly_one_cm":211527,"minecraft:open_chest":44,"minecraft:crouch_one_cm":7618,"tombstone:undead_killed":4,"minecraft:interact_with_smoker":1,"minecraft:fall_one_cm":38517},"minecraft:broken":{"minecraft:golden_shovel":2,"minecraft:golden_pickaxe":2},"minecraft:picked_up":{"minecraft:charcoal":8,"born_in_chaos_v1:diamond_termite_shard":4,"minecraft:crafting_table":5,"minecraft:azure_bluet":1,"minecraft:chicken":12,"minecraft:flower_pot":1,"minecraft:golden_pickaxe":3,"aether:iron_gloves":1,"minecraft:string":8,"minecraft:iron_leggings":1,"minecraft:cobbled_deepslate":12,"minecraft:beef":11,"minecraft:oak_boat":1,"minecraft:spruce_slab":1,"minecraft:furnace":5,"ecologics:crab_claw":1,"minecraft:egg":1,"minecraft:raw_iron":17,"minecraft:acacia_fence":7,"luminousworld:blue_petunias":1,"ecologics:coconut_slice":2,"minecraft:torch":5,"luminousworld:savannah_soil":1,"quark:blossom_log":10,"minecraft:porkchop":11,"born_in_chaos_v1:pieceofdarkmetal":1,"luminousworld:grassflowers":1,"minecraft:stone_sword":1,"minecraft:rotten_flesh":10,"luminousworld:yellow_grassflowers":2,"minecraft:yellow_terracotta":6,"supplementaries:ash":13,"luminousworld:tall_deadbush":1,"minecraft:obsidian":2,"minecraft:mutton":4,"minecraft:iron_bars":6,"minecraft:white_wool":13,"minecraft:cobblestone":55,"ecologics:walnut":1,"born_in_chaos_v1:corpse_maggot":4,"minecraft:magma_block":4,"minecraft:leather":5,"minecraft:potato":8,"minecraft:flint":2,"minecraft:tuff":18,"minecraft:oak_log":13,"minecraft:gunpowder":16,"minecraft:dirt":137,"minecraft:paper":7,"naturalist:bass":2,"minecraft:bone":5,"minecraft:stone_bricks":2,"minecraft:wheat_seeds":12,"minecraft:raw_gold":2,"minecraft:rabbit":1,"minecraft:fletching_table":1,"minecraft:glass_bottle":15,"minecraft:gray_bed":8,"luminousworld:white_petunias":2,"naturalist:snail_shell":1,"minecraft:oak_planks":13,"minecraft:gravel":1,"minecraft:white_bed":8,"minecraft:trapped_chest":3,"minecraft:diamond":7,"iceandfire:silver_sword":2,"minecraft:emerald":6,"minecraft:oak_sapling":1,"minecraft:netherrack":26,"minecraft:coal":69,"iceandfire:raw_silver":2}},"DataVersion":3465}