{"stats":{"minecraft:mined":{"luminousworld:white_petunias":2,"minecraft:white_bed":6,"iceandfire:silver_ore":2,"quark:yellow_blossom_leaves":22,"minecraft:powder_snow":1,"minecraft:oak_fence":2,"minecraft:crafting_table":3,"minecraft:grass_block":57,"quark:blossom_log":10,"luminousworld:grassvariant_2":7,"minecraft:tall_grass":9,"minecraft:oxeye_daisy":2,"supplementaries:urn":3,"minecraft:seagrass":2,"minecraft:furnace":2,"minecraft:grass":17,"minecraft:pointed_dripstone":2,"minecraft:oak_log":13,"minecraft:coal_ore":16,"minecraft:vine":1,"minecraft:dirt":53,"luminousworld:grassvariant_3":2,"minecraft:stone_bricks":6,"minecraft:stone":43,"minecraft:oak_leaves":1},"minecraft:picked_up":{"born_in_chaos_v1:corpse_maggot":4,"minecraft:crafting_table":3,"born_in_chaos_v1:diamond_termite_shard":4,"minecraft:azure_bluet":1,"minecraft:chicken":4,"minecraft:golden_pickaxe":1,"minecraft:tuff":18,"minecraft:oak_log":13,"minecraft:gunpowder":11,"minecraft:dirt":117,"minecraft:string":7,"naturalist:bass":2,"minecraft:bone":5,"minecraft:stone_bricks":1,"minecraft:wheat_seeds":6,"minecraft:beef":6,"minecraft:fletching_table":1,"minecraft:rabbit":1,"naturalist:snail_shell":1,"luminousworld:white_petunias":2,"minecraft:furnace":3,"minecraft:egg":1,"minecraft:raw_iron":2,"luminousworld:blue_petunias":1,"minecraft:torch":4,"quark:blossom_log":10,"minecraft:porkchop":8,"minecraft:white_bed":6,"born_in_chaos_v1:pieceofdarkmetal":1,"minecraft:trapped_chest":1,"luminousworld:grassflowers":1,"minecraft:stone_sword":1,"minecraft:rotten_flesh":9,"luminousworld:yellow_grassflowers":2,"luminousworld:tall_deadbush":1,"supplementaries:ash":10,"minecraft:obsidian":2,"minecraft:mutton":3,"minecraft:coal":30,"minecraft:white_wool":3,"iceandfire:raw_silver":2,"minecraft:cobblestone":43},"minecraft:crafted":{"minecraft:cooked_beef":3,"minecraft:wooden_sword":1,"minecraft:oak_planks":52,"minecraft:wooden_shovel":1,"quark:blossom_planks":40,"iceandfire:silver_ingot":2,"minecraft:crafting_table":1,"minecraft:wooden_pickaxe":1,"minecraft:furnace":1,"minecraft:cooked_mutton":4,"minecraft:iron_chestplate":1,"minecraft:shield":1,"minecraft:stick":14,"minecraft:iron_ingot":15,"minecraft:iron_pickaxe":1,"minecraft:stone_pickaxe":1,"minecraft:stone_sword":1,"quark:blossom_button":10,"minecraft:white_bed":1,"minecraft:torch":12,"iceandfire:silver_sword":1},"minecraft:killed":{"minecraft:pig":3,"undead_revamp2:thehunter":1,"earthmobsmod:hyper_rabbit":1,"born_in_chaos_v1:diamond_termite":3,"minecraft:spider":1,"born_in_chaos_v1:maggot":3,"naturalist:snail":1,"minecraft:zombie":1,"minecraft:chicken":4,"born_in_chaos_v1:corpse_fly":3,"naturalist:bass":3,"earthmobsmod:horned_sheep":3,"earthmobsmod:albino_cow":2},"minecraft:broken":{"minecraft:golden_shovel":2},"minecraft:dropped":{"minecraft:wheat_seeds":4,"minecraft:cooked_beef":1,"luminousworld:white_petunias":2,"minecraft:cobblestone":1,"minecraft:azure_bluet":1,"luminousworld:yellow_grassflowers":2,"luminousworld:grassflowers":1,"minecraft:wooden_sword":1,"luminousworld:blue_petunias":1,"minecraft:string":7},"minecraft:killed_by":{"minecraft:husk":2,"undead_revamp2:sucker":1,"endermanoverhaul:cave_enderman":2,"earthmobsmod:horned_sheep":1,"iceandfire:fire_dragon":2},"minecraft:used":{"minecraft:cooked_mutton":4,"iceandfire:silver_sword":93,"minecraft:stone_sword":89,"minecraft:stone_pickaxe":26,"minecraft:wooden_pickaxe":12,"minecraft:wooden_shovel":18,"minecraft:torch":20,"minecraft:dirt":33,"minecraft:crafting_table":3,"minecraft:white_bed":6,"minecraft:golden_shovel":67,"minecraft:iron_pickaxe":38,"minecraft:wooden_sword":39,"minecraft:cobblestone":2,"minecraft:furnace":2,"minecraft:porkchop":5,"tombstone:gift":2,"alexsmobs:animal_dictionary":2,"minecraft:chest_minecart":1,"minecraft:cooked_beef":4,"minecraft:golden_pickaxe":3,"minecraft:golden_axe":16},"minecraft:custom":{"minecraft:interact_with_furnace":20,"minecraft:mob_kills":31,"minecraft:interact_with_crafting_table":19,"minecraft:open_barrel":9,"minecraft:damage_dealt_resisted":72,"minecraft:leave_game":3,"minecraft:time_since_death":2118,"minecraft:sleep_in_bed":5,"minecraft:climb_one_cm":12452,"minecraft:time_since_rest":71,"minecraft:sprint_one_cm":596774,"minecraft:damage_taken":2570,"minecraft:walk_one_cm":416038,"minecraft:trigger_trapped_chest":2,"minecraft:drop":13,"minecraft:damage_dealt":3117,"minecraft:fly_one_cm":114702,"minecraft:play_time":124901,"minecraft:open_chest":5,"minecraft:crouch_one_cm":2223,"minecraft:sneak_time":1764,"tombstone:undead_killed":2,"minecraft:deaths":9,"minecraft:walk_under_water_one_cm":24126,"minecraft:jump":1471,"minecraft:walk_on_water_one_cm":44329,"minecraft:total_world_time":124901,"minecraft:interact_with_smoker":1,"minecraft:fall_one_cm":17474}},"DataVersion":3465}