{"stats":{"minecraft:mined":{"luminousworld:white_petunias":2,"minecraft:white_bed":5,"iceandfire:silver_ore":2,"quark:yellow_blossom_leaves":22,"minecraft:powder_snow":1,"minecraft:oak_fence":2,"minecraft:crafting_table":2,"minecraft:grass_block":57,"quark:blossom_log":10,"luminousworld:grassvariant_2":5,"minecraft:tall_grass":9,"minecraft:oxeye_daisy":2,"supplementaries:urn":3,"minecraft:furnace":1,"minecraft:grass":16,"minecraft:pointed_dripstone":2,"minecraft:oak_log":13,"minecraft:coal_ore":13,"minecraft:vine":1,"minecraft:dirt":53,"luminousworld:grassvariant_3":2,"minecraft:stone_bricks":6,"minecraft:stone":40,"minecraft:oak_leaves":1},"minecraft:picked_up":{"born_in_chaos_v1:corpse_maggot":4,"minecraft:crafting_table":2,"born_in_chaos_v1:diamond_termite_shard":4,"minecraft:azure_bluet":1,"minecraft:golden_pickaxe":1,"minecraft:tuff":18,"minecraft:oak_log":13,"minecraft:gunpowder":11,"minecraft:dirt":117,"minecraft:string":7,"naturalist:bass":2,"minecraft:bone":5,"minecraft:stone_bricks":1,"minecraft:wheat_seeds":6,"minecraft:beef":6,"minecraft:fletching_table":1,"luminousworld:white_petunias":2,"minecraft:furnace":2,"minecraft:egg":1,"minecraft:raw_iron":2,"luminousworld:blue_petunias":1,"minecraft:torch":4,"quark:blossom_log":10,"minecraft:porkchop":8,"minecraft:white_bed":5,"born_in_chaos_v1:pieceofdarkmetal":1,"minecraft:trapped_chest":1,"luminousworld:grassflowers":1,"minecraft:stone_sword":1,"minecraft:rotten_flesh":5,"luminousworld:yellow_grassflowers":2,"luminousworld:tall_deadbush":1,"supplementaries:ash":10,"minecraft:obsidian":2,"minecraft:mutton":3,"minecraft:coal":27,"minecraft:white_wool":3,"iceandfire:raw_silver":2,"minecraft:cobblestone":40},"minecraft:crafted":{"minecraft:cooked_beef":3,"minecraft:wooden_sword":1,"minecraft:oak_planks":52,"minecraft:wooden_shovel":1,"quark:blossom_planks":40,"iceandfire:silver_ingot":2,"minecraft:crafting_table":1,"minecraft:wooden_pickaxe":1,"minecraft:furnace":1,"minecraft:cooked_mutton":4,"minecraft:iron_chestplate":1,"minecraft:stick":14,"minecraft:iron_ingot":15,"minecraft:iron_pickaxe":1,"minecraft:stone_pickaxe":1,"minecraft:stone_sword":1,"quark:blossom_button":10,"minecraft:white_bed":1,"minecraft:torch":12,"iceandfire:silver_sword":1},"minecraft:killed":{"minecraft:pig":3,"born_in_chaos_v1:diamond_termite":3,"minecraft:spider":1,"born_in_chaos_v1:maggot":3,"minecraft:zombie":1,"born_in_chaos_v1:corpse_fly":3,"naturalist:bass":3,"earthmobsmod:horned_sheep":3,"earthmobsmod:albino_cow":2},"minecraft:broken":{"minecraft:golden_shovel":2},"minecraft:dropped":{"minecraft:wheat_seeds":4,"luminousworld:white_petunias":2,"minecraft:cobblestone":1,"minecraft:azure_bluet":1,"minecraft:wooden_sword":1,"luminousworld:blue_petunias":1,"minecraft:string":7},"minecraft:killed_by":{"undead_revamp2:sucker":1,"endermanoverhaul:cave_enderman":2,"earthmobsmod:horned_sheep":1,"iceandfire:fire_dragon":2},"minecraft:used":{"minecraft:cooked_mutton":2,"iceandfire:silver_sword":70,"minecraft:stone_sword":89,"minecraft:stone_pickaxe":26,"minecraft:wooden_pickaxe":12,"minecraft:wooden_shovel":18,"minecraft:torch":20,"minecraft:dirt":33,"minecraft:crafting_table":2,"minecraft:white_bed":5,"minecraft:golden_shovel":67,"minecraft:iron_pickaxe":30,"minecraft:wooden_sword":39,"minecraft:cobblestone":2,"minecraft:furnace":1,"minecraft:porkchop":5,"tombstone:gift":2,"alexsmobs:animal_dictionary":2,"minecraft:chest_minecart":1,"minecraft:cooked_beef":4,"minecraft:golden_pickaxe":3,"minecraft:golden_axe":16},"minecraft:custom":{"minecraft:interact_with_furnace":20,"minecraft:mob_kills":23,"minecraft:interact_with_crafting_table":18,"minecraft:open_barrel":9,"minecraft:leave_game":2,"minecraft:time_since_death":23997,"minecraft:sleep_in_bed":4,"minecraft:climb_one_cm":11982,"minecraft:time_since_rest":3715,"minecraft:sprint_one_cm":556569,"minecraft:damage_taken":1987,"minecraft:walk_one_cm":382558,"minecraft:trigger_trapped_chest":2,"minecraft:drop":10,"minecraft:damage_dealt":2257,"minecraft:fly_one_cm":103587,"minecraft:play_time":113005,"minecraft:open_chest":5,"minecraft:crouch_one_cm":835,"minecraft:sneak_time":316,"tombstone:undead_killed":1,"minecraft:deaths":7,"minecraft:walk_under_water_one_cm":23707,"minecraft:jump":1261,"minecraft:walk_on_water_one_cm":30577,"minecraft:total_world_time":113005,"minecraft:interact_with_smoker":1,"minecraft:fall_one_cm":17056}},"DataVersion":3465}