{"stats":{"minecraft:killed_by":{"undead_revamp2:sucker":1,"earthmobsmod:horned_sheep":1},"minecraft:killed":{"minecraft:pig":2,"minecraft:spider":1,"born_in_chaos_v1:maggot":3,"minecraft:zombie":1,"born_in_chaos_v1:corpse_fly":3,"earthmobsmod:horned_sheep":3,"earthmobsmod:albino_cow":2},"minecraft:custom":{"minecraft:interact_with_furnace":8,"minecraft:mob_kills":15,"minecraft:interact_with_crafting_table":15,"minecraft:time_since_death":18415,"minecraft:sleep_in_bed":1,"minecraft:time_since_rest":1265,"minecraft:sprint_one_cm":250550,"minecraft:damage_taken":810,"minecraft:walk_one_cm":200040,"minecraft:damage_dealt":1491,"minecraft:fly_one_cm":53023,"minecraft:open_chest":1,"minecraft:crouch_one_cm":373,"minecraft:play_time":53285,"tombstone:undead_killed":1,"minecraft:deaths":3,"minecraft:sneak_time":109,"minecraft:jump":803,"minecraft:walk_on_water_one_cm":1255,"minecraft:total_world_time":53285,"minecraft:fall_one_cm":10541},"minecraft:crafted":{"minecraft:cooked_beef":3,"minecraft:wooden_sword":1,"minecraft:oak_planks":52,"minecraft:wooden_shovel":1,"quark:blossom_planks":40,"iceandfire:silver_ingot":2,"minecraft:crafting_table":1,"minecraft:wooden_pickaxe":1,"minecraft:furnace":1,"minecraft:stick":14,"minecraft:iron_ingot":1,"minecraft:stone_pickaxe":1,"minecraft:stone_sword":1,"minecraft:white_bed":1,"quark:blossom_button":10,"minecraft:torch":12,"iceandfire:silver_sword":1},"minecraft:used":{"minecraft:stone_sword":89,"minecraft:stone_pickaxe":19,"minecraft:wooden_pickaxe":12,"minecraft:wooden_shovel":18,"minecraft:crafting_table":1,"minecraft:white_bed":1,"minecraft:wooden_sword":39,"minecraft:cobblestone":2,"minecraft:porkchop":5,"minecraft:furnace":1,"tombstone:gift":2,"alexsmobs:animal_dictionary":2,"minecraft:cooked_beef":2,"minecraft:golden_axe":14},"minecraft:mined":{"luminousworld:white_petunias":2,"minecraft:white_bed":1,"iceandfire:silver_ore":2,"quark:yellow_blossom_leaves":22,"minecraft:powder_snow":1,"minecraft:crafting_table":1,"minecraft:grass_block":10,"quark:blossom_log":10,"luminousworld:grassvariant_2":4,"minecraft:tall_grass":9,"minecraft:oxeye_daisy":2,"minecraft:grass":14,"minecraft:coal_ore":13,"minecraft:oak_log":13,"luminousworld:grassvariant_3":1,"minecraft:stone":16,"minecraft:oak_leaves":1},"minecraft:picked_up":{"born_in_chaos_v1:corpse_maggot":4,"minecraft:crafting_table":1,"minecraft:azure_bluet":1,"minecraft:oak_log":13,"minecraft:dirt":20,"minecraft:string":2,"minecraft:bone":1,"minecraft:wheat_seeds":2,"minecraft:beef":6,"luminousworld:white_petunias":1,"minecraft:porkchop":5,"quark:blossom_log":10,"minecraft:white_bed":1,"minecraft:rotten_flesh":1,"minecraft:mutton":3,"minecraft:coal":18,"iceandfire:raw_silver":2,"minecraft:white_wool":3,"minecraft:cobblestone":16}},"DataVersion":3465}