{"stats":{"minecraft:dropped":{"minecraft:wheat_seeds":4,"luminousworld:white_petunias":2,"minecraft:azure_bluet":1,"minecraft:wooden_sword":1,"minecraft:string":2},"minecraft:killed_by":{"undead_revamp2:sucker":1,"earthmobsmod:horned_sheep":1},"minecraft:killed":{"minecraft:pig":2,"born_in_chaos_v1:diamond_termite":3,"minecraft:spider":1,"born_in_chaos_v1:maggot":3,"minecraft:zombie":1,"born_in_chaos_v1:corpse_fly":3,"earthmobsmod:horned_sheep":3,"earthmobsmod:albino_cow":2},"minecraft:custom":{"minecraft:interact_with_furnace":8,"minecraft:mob_kills":18,"minecraft:interact_with_crafting_table":15,"minecraft:open_barrel":1,"minecraft:time_since_death":30415,"minecraft:sleep_in_bed":1,"minecraft:climb_one_cm":2367,"minecraft:time_since_rest":13265,"minecraft:sprint_one_cm":284245,"minecraft:damage_taken":1000,"minecraft:walk_one_cm":248351,"minecraft:drop":7,"minecraft:damage_dealt":2038,"minecraft:fly_one_cm":55144,"minecraft:open_chest":3,"minecraft:crouch_one_cm":373,"minecraft:play_time":65285,"tombstone:undead_killed":1,"minecraft:deaths":3,"minecraft:sneak_time":109,"minecraft:jump":866,"minecraft:walk_on_water_one_cm":4730,"minecraft:total_world_time":65285,"minecraft:fall_one_cm":11290},"minecraft:crafted":{"minecraft:cooked_beef":3,"minecraft:wooden_sword":1,"minecraft:oak_planks":52,"minecraft:wooden_shovel":1,"quark:blossom_planks":40,"iceandfire:silver_ingot":2,"minecraft:crafting_table":1,"minecraft:wooden_pickaxe":1,"minecraft:furnace":1,"minecraft:stick":14,"minecraft:iron_ingot":1,"minecraft:stone_pickaxe":1,"minecraft:stone_sword":1,"minecraft:white_bed":1,"quark:blossom_button":10,"minecraft:torch":12,"iceandfire:silver_sword":1},"minecraft:used":{"minecraft:stone_sword":89,"iceandfire:silver_sword":54,"minecraft:stone_pickaxe":22,"minecraft:wooden_pickaxe":12,"minecraft:wooden_shovel":18,"minecraft:torch":10,"minecraft:crafting_table":1,"minecraft:white_bed":1,"minecraft:wooden_sword":39,"minecraft:cobblestone":2,"minecraft:porkchop":5,"minecraft:furnace":1,"tombstone:gift":2,"alexsmobs:animal_dictionary":2,"minecraft:cooked_beef":3,"minecraft:golden_pickaxe":3,"minecraft:golden_axe":16},"minecraft:mined":{"luminousworld:white_petunias":2,"minecraft:white_bed":1,"iceandfire:silver_ore":2,"quark:yellow_blossom_leaves":22,"minecraft:powder_snow":1,"minecraft:oak_fence":2,"minecraft:crafting_table":1,"minecraft:grass_block":10,"quark:blossom_log":10,"luminousworld:grassvariant_2":4,"minecraft:tall_grass":9,"minecraft:oxeye_daisy":2,"supplementaries:urn":2,"minecraft:furnace":1,"minecraft:grass":14,"minecraft:vine":1,"minecraft:coal_ore":13,"minecraft:oak_log":13,"luminousworld:grassvariant_3":1,"minecraft:stone":16,"minecraft:oak_leaves":1},"minecraft:picked_up":{"born_in_chaos_v1:corpse_maggot":4,"born_in_chaos_v1:diamond_termite_shard":4,"minecraft:crafting_table":1,"minecraft:azure_bluet":1,"minecraft:golden_pickaxe":1,"minecraft:oak_log":13,"minecraft:dirt":20,"minecraft:string":2,"minecraft:bone":1,"minecraft:wheat_seeds":6,"minecraft:beef":6,"luminousworld:white_petunias":2,"minecraft:furnace":1,"minecraft:porkchop":5,"quark:blossom_log":10,"born_in_chaos_v1:pieceofdarkmetal":1,"minecraft:white_bed":1,"minecraft:rotten_flesh":1,"supplementaries:ash":10,"minecraft:mutton":3,"minecraft:coal":18,"iceandfire:raw_silver":2,"minecraft:white_wool":3,"minecraft:cobblestone":16}},"DataVersion":3465}