{"stats":{"minecraft:dropped":{"minecraft:wheat_seeds":4,"luminousworld:white_petunias":2,"minecraft:cobblestone":1,"minecraft:azure_bluet":1,"minecraft:wooden_sword":1,"minecraft:string":7},"minecraft:killed_by":{"undead_revamp2:sucker":1,"endermanoverhaul:cave_enderman":2,"earthmobsmod:horned_sheep":1,"iceandfire:fire_dragon":2},"minecraft:killed":{"minecraft:pig":2,"born_in_chaos_v1:diamond_termite":3,"minecraft:spider":1,"born_in_chaos_v1:maggot":3,"minecraft:zombie":1,"born_in_chaos_v1:corpse_fly":3,"earthmobsmod:horned_sheep":3,"earthmobsmod:albino_cow":2},"minecraft:custom":{"minecraft:interact_with_furnace":19,"minecraft:mob_kills":19,"minecraft:interact_with_crafting_table":17,"minecraft:open_barrel":9,"minecraft:time_since_death":277,"minecraft:sleep_in_bed":1,"minecraft:climb_one_cm":11982,"minecraft:time_since_rest":1,"minecraft:sprint_one_cm":413611,"minecraft:damage_taken":1886,"minecraft:walk_one_cm":314609,"minecraft:trigger_trapped_chest":2,"minecraft:drop":9,"minecraft:damage_dealt":2068,"minecraft:fly_one_cm":74556,"minecraft:open_chest":4,"minecraft:crouch_one_cm":377,"minecraft:play_time":89285,"tombstone:undead_killed":1,"minecraft:deaths":7,"minecraft:sneak_time":160,"minecraft:walk_under_water_one_cm":17737,"minecraft:jump":1036,"minecraft:walk_on_water_one_cm":19142,"minecraft:interact_with_smoker":1,"minecraft:total_world_time":89285,"minecraft:fall_one_cm":13765},"minecraft:crafted":{"minecraft:cooked_beef":3,"minecraft:wooden_sword":1,"minecraft:oak_planks":52,"minecraft:wooden_shovel":1,"quark:blossom_planks":40,"iceandfire:silver_ingot":2,"minecraft:crafting_table":1,"minecraft:wooden_pickaxe":1,"minecraft:furnace":1,"minecraft:cooked_mutton":4,"minecraft:stick":14,"minecraft:iron_ingot":15,"minecraft:iron_pickaxe":1,"minecraft:stone_pickaxe":1,"minecraft:stone_sword":1,"minecraft:white_bed":1,"quark:blossom_button":10,"minecraft:torch":12,"iceandfire:silver_sword":1},"minecraft:used":{"minecraft:stone_sword":89,"iceandfire:silver_sword":54,"minecraft:stone_pickaxe":26,"minecraft:wooden_pickaxe":12,"minecraft:wooden_shovel":18,"minecraft:torch":11,"minecraft:crafting_table":1,"minecraft:white_bed":1,"minecraft:wooden_sword":39,"minecraft:cobblestone":2,"minecraft:porkchop":5,"minecraft:furnace":1,"minecraft:chest_minecart":1,"tombstone:gift":2,"alexsmobs:animal_dictionary":2,"minecraft:cooked_beef":3,"minecraft:golden_pickaxe":3,"minecraft:golden_axe":16},"minecraft:mined":{"luminousworld:white_petunias":2,"minecraft:white_bed":1,"iceandfire:silver_ore":2,"quark:yellow_blossom_leaves":22,"minecraft:powder_snow":1,"minecraft:oak_fence":2,"minecraft:crafting_table":1,"minecraft:grass_block":10,"quark:blossom_log":10,"luminousworld:grassvariant_2":4,"minecraft:tall_grass":9,"minecraft:oxeye_daisy":2,"supplementaries:urn":3,"minecraft:furnace":1,"minecraft:pointed_dripstone":2,"minecraft:grass":14,"minecraft:vine":1,"minecraft:coal_ore":13,"minecraft:oak_log":13,"luminousworld:grassvariant_3":1,"minecraft:stone":16,"minecraft:oak_leaves":1},"minecraft:picked_up":{"born_in_chaos_v1:corpse_maggot":4,"born_in_chaos_v1:diamond_termite_shard":4,"minecraft:crafting_table":1,"minecraft:azure_bluet":1,"minecraft:golden_pickaxe":1,"minecraft:tuff":18,"minecraft:oak_log":13,"minecraft:gunpowder":11,"minecraft:dirt":20,"minecraft:string":7,"minecraft:bone":5,"minecraft:wheat_seeds":6,"minecraft:beef":6,"minecraft:fletching_table":1,"luminousworld:white_petunias":2,"minecraft:furnace":2,"minecraft:raw_iron":2,"minecraft:torch":1,"minecraft:porkchop":5,"quark:blossom_log":10,"born_in_chaos_v1:pieceofdarkmetal":1,"minecraft:white_bed":1,"minecraft:trapped_chest":1,"minecraft:stone_sword":1,"minecraft:rotten_flesh":5,"supplementaries:ash":10,"minecraft:obsidian":2,"minecraft:mutton":3,"minecraft:coal":27,"iceandfire:raw_silver":2,"minecraft:white_wool":3,"minecraft:cobblestone":16}},"DataVersion":3465}