{"stats":{"minecraft:killed":{"born_in_chaos_v1:corpse_fly":1},"minecraft:killed_by":{"undead_revamp2:sucker":1},"minecraft:custom":{"minecraft:time_since_rest":2870,"minecraft:crouch_one_cm":286,"minecraft:play_time":17285,"minecraft:sprint_one_cm":58059,"minecraft:walk_one_cm":71297,"minecraft:damage_taken":355,"minecraft:deaths":1,"minecraft:sneak_time":63,"minecraft:mob_kills":1,"minecraft:jump":352,"minecraft:damage_dealt":108,"minecraft:time_since_death":4297,"minecraft:walk_on_water_one_cm":1255,"minecraft:total_world_time":17285,"minecraft:interact_with_crafting_table":2,"minecraft:fall_one_cm":5652,"minecraft:fly_one_cm":15813},"minecraft:crafted":{"quark:blossom_planks":24,"minecraft:crafting_table":1},"minecraft:used":{"minecraft:crafting_table":1,"alexsmobs:animal_dictionary":1},"minecraft:mined":{"luminousworld:white_petunias":2,"minecraft:grass":1,"minecraft:grass_block":5,"quark:blossom_log":6,"minecraft:tall_grass":7,"minecraft:powder_snow":1},"minecraft:picked_up":{"born_in_chaos_v1:corpse_maggot":1,"minecraft:bone":1,"quark:blossom_log":6,"luminousworld:white_petunias":1,"minecraft:dirt":5}},"DataVersion":3465}