{"stats":{"minecraft:killed_by":{"undead_revamp2:sucker":1,"earthmobsmod:horned_sheep":1},"minecraft:killed":{"minecraft:zombie":1,"minecraft:pig":1,"born_in_chaos_v1:corpse_fly":3,"earthmobsmod:albino_cow":1,"born_in_chaos_v1:maggot":3},"minecraft:custom":{"minecraft:time_since_rest":1,"minecraft:sprint_one_cm":117077,"minecraft:damage_taken":505,"minecraft:walk_one_cm":98796,"minecraft:mob_kills":9,"minecraft:damage_dealt":838,"minecraft:interact_with_crafting_table":8,"minecraft:fly_one_cm":23192,"minecraft:crouch_one_cm":321,"minecraft:play_time":29285,"tombstone:undead_killed":1,"minecraft:deaths":2,"minecraft:sneak_time":102,"minecraft:jump":442,"minecraft:walk_on_water_one_cm":1255,"minecraft:time_since_death":978,"minecraft:total_world_time":29285,"minecraft:fall_one_cm":6256},"minecraft:crafted":{"minecraft:wooden_sword":1,"minecraft:wooden_shovel":1,"quark:blossom_planks":24,"minecraft:crafting_table":1,"minecraft:stick":8,"minecraft:wooden_pickaxe":1,"minecraft:stone_pickaxe":1,"minecraft:stone_sword":1},"minecraft:used":{"minecraft:stone_sword":27,"minecraft:stone_pickaxe":14,"minecraft:wooden_pickaxe":12,"minecraft:wooden_shovel":18,"minecraft:wooden_sword":39,"minecraft:cobblestone":2,"minecraft:crafting_table":1,"minecraft:porkchop":3,"tombstone:gift":2,"alexsmobs:animal_dictionary":1},"minecraft:mined":{"luminousworld:white_petunias":2,"quark:yellow_blossom_leaves":22,"minecraft:powder_snow":1,"minecraft:grass":3,"minecraft:grass_block":10,"minecraft:coal_ore":11,"quark:blossom_log":10,"minecraft:tall_grass":9,"minecraft:stone":15},"minecraft:picked_up":{"born_in_chaos_v1:corpse_maggot":4,"quark:blossom_log":10,"minecraft:porkchop":3,"minecraft:dirt":10,"minecraft:bone":1,"minecraft:rotten_flesh":1,"minecraft:beef":3,"luminousworld:white_petunias":1,"minecraft:coal":10,"minecraft:cobblestone":15}},"DataVersion":3465}