{"stats":{"minecraft:picked_up":{"minecraft:oak_log":3},"minecraft:crafted":{"minecraft:crafting_table":1,"minecraft:oak_planks":12},"minecraft:custom":{"minecraft:jump":8,"minecraft:time_since_rest":1588,"minecraft:leave_game":1,"minecraft:sprint_one_cm":1638,"minecraft:play_time":1588,"minecraft:damage_taken":30,"minecraft:time_since_death":1588,"minecraft:walk_one_cm":2743,"minecraft:total_world_time":1588,"minecraft:interact_with_crafting_table":1,"minecraft:fall_one_cm":984,"minecraft:fly_one_cm":1661},"minecraft:used":{"minecraft:crafting_table":1},"minecraft:mined":{"minecraft:grass_block":1,"minecraft:oak_log":3}},"DataVersion":3465}